invoiceno,stokawal,stokakhir,namabarang,jenisbarang,kodebarang,kuantitasbarang,month,day,year,cluster
787127,180,165,Vinillex,0,12211A,15,12,1,2022,Laris
787127,140,120,"beton 2,5 ",1,10008B,20,12,2,2022,Laris
787127,183,171,Jabesmen Gelombang Kecil (150 x 105),2,15283A,12,12,2,2022,Laris
787128,50,47,Zehn Sekop Gagang Kayu,3,10015B,3,12,2,2022,Laris
787128,28,13,BJLS 30 Lebar 60cm,4,12947A,15,12,2,2022,Laris
787128,100,60,Duri,5,66653E,40,12,2,2022,Laris
787128,42,38,Stainless Lokal Kait,6,24628A,4,12,2,2022,Laris
787128,30,25,Gator Bak Mandi Plastik Persegi Ivory 56x56x56cm,7,11231A,5,12,2,2022,Laris
787128,47,44,Pas,8,23948A,3,12,2,2022,Laris
787128,700,600,Murando Natural 1m2 = 18 bh,9,56546D,100,12,2,2022,Laris
787128,27,22,Tembok,10,12343A,5,12,2,2022,Laris
787129,300,255,Beton 6mm,11,15372A,45,12,3,2022,Laris
787129,68,48,Balok (ukuran tebal 6-8 cm dan lebar 12 -15 cm),12,12222A,20,12,3,2022,Laris
787129,200,150,"PVC RUCIKA type AW 3/4""",13,10003B,50,12,3,2022,Laris
787130,500,455,Biasa dia. 19 s/d 16 ( 5 cm ),14,10032B,45,12,3,2022,Laris
787130,5,1,Biasa,15,11111A,4,12,4,2022,Laris
787130,78,67,sarung tangan kain ,16,17381A,11,12,7,2022,Laris
787130,100,94,Gembok Besar,17,12713A,6,12,7,2022,Laris
787130,129,124,Miniroller Ace Oldfields Panjang dan Pendek,18,13820A,5,12,7,2022,Sangat Laris
787130,500,450,Keramik  Natural Intan 14.5 / m2,19,32841A,50,12,8,2022,Sangat Laris
787130,17,12,gulung besi,20,11101A,5,12,8,2022,Sangat Laris
787130,252,238,Triplek 3mm,21,13041A,14,12,8,2022,Sangat Laris
787130,114,64,Tiga Roda,22,10006B,50,12,8,2022,Sangat Laris
787130,134,130,Dextone Epoxy Adhesives,23,13221A,4,12,8,2022,Sangat Laris
787130,17,14,Zehn Cangcul,24,12214A,3,12,8,2022,Sangat Laris
787130,31,16,Pintu Unilon Standard,25,19316A,15,12,8,2022,Sangat Laris
787130,4,0,Urug,26,18393A,4,12,8,2022,Sangat Laris
787131,69,49,"Readymix Beton K500, Tanpa Pompa",27,12311A,20,12,8,2022,Sangat Laris
787131,500,435,Flange,28,38201A,65,12,8,2022,Sangat Laris
787131,183,178,"Alumunium Natural 1.3 mm t= 1,3 mm ( 3 "" )",29,64543C,5,12,8,2022,Sangat Laris
787132,50,0,Bata Merah Bakar kelas I,30,13823A,50,12,8,2022,Sangat Laris
787132,46,40,Uncle Bills Sapu Dan Pengki Set BB0168,31,12333A,6,12,8,2022,Sangat Laris
787133,180,110,Natural 8cm,32,12345A,70,12,8,2022,Sangat Laris
787133,110,60,Natural 8cm,32,12345A,50,12,8,2022,Sangat Laris
787133,48,28,Balok (ukuran tebal 6-8 cm dan lebar 12 -15 cm),12,12222A,20,12,8,2022,Laris
787133,44,39,Pas,8,23948A,5,12,8,2022,Laris
787133,178,173,"Alumunium Natural 1.3 mm t= 1,3 mm ( 3 "" )",29,64543C,5,12,8,2022,Sangat Laris
787133,38,31,Stainless Lokal Kait,6,24628A,7,12,8,2022,Laris
787133,31,29,Pintu Unilon Standard,25,19316A,2,12,8,2022,Sangat Laris
787133,255,225,Beton 6mm,11,15372A,30,12,9,2022,Laris
787133,165,160,Vinillex,0,12211A,5,12,9,2022,Laris
787133,435,385,Flange,28,38201A,50,12,9,2022,Sangat Laris
787134,124,122,Miniroller Ace Oldfields Panjang dan Pendek,18,13820A,2,12,9,2022,Sangat Laris
787134,450,420,Keramik  Natural Intan 14.5 / m2,19,32841A,30,12,9,2022,Sangat Laris
787134,14,13,Zehn Cangcul,24,12214A,1,12,9,2022,Sangat Laris
787134,25,23,Gator Bak Mandi Plastik Persegi Ivory 56x56x56cm,7,11231A,2,12,9,2022,Laris
787135,507,477,HTB dia. 19 s/d 16 ( 5 cm ),14,39403A,30,12,9,2022,Laris
787135,268,264, 2 Slaag Kuda Terbang,17,10028B,4,12,9,2022,Laris
787136,150,130,"PVC RUCIKA type AW 3/4""",13,10003B,20,12,9,2022,Laris
787136,150,135,BJLS 30 Lebar 90cm,4,10026B,15,12,9,2022,Laris
787136,50,47,Pengikat,5,66653E,3,12,9,2022,Laris
787136,5000,4000,Bata Merah Bakar kelas I,30,13823A,1000,12,9,2022,Sangat Laris
787136,238,230,Triplek 3mm,21,13041A,8,12,9,2022,Sangat Laris
787136,47,45,Zehn Sekop Gagang Kayu,3,10015B,2,12,9,2022,Laris
787136,130,128,Dextone Epoxy Adhesives,23,13221A,2,12,9,2022,Sangat Laris
787136,8,7,Liat,26,10021B,1,12,9,2022,Sangat Laris
787136,40,38,Uncle Bills Sapu Dan Pengki Set BB0168,31,12333A,2,12,9,2022,Sangat Laris
787136,30,28,rolling door,20,10004B,2,12,9,2022,Sangat Laris
787136,600,500,Murando Natural 1m2 = 18 bh,9,56546D,100,12,9,2022,Laris
787136,67,62,sarung tangan kain ,16,17381A,5,12,9,2022,Laris
787136,22,20,Tembok,10,12343A,2,12,9,2022,Laris
787136,171,166,Jabesmen Gelombang Kecil (150 x 105),2,15283A,5,12,9,2022,Laris
787136,11,9,Biasa,15,11111A,2,12,9,2022,Laris
787136,49,44,"Readymix Beton K500, Tanpa Pompa",27,12311A,5,12,9,2022,Sangat Laris
787136,93,88,seng 8,1,12221A,5,12,9,2022,Laris
787136,64,52,Tiga Roda,22,10006B,12,12,9,2022,Sangat Laris
787136,494,394,Warna 8cm,32,10022B,100,12,9,2022,Sangat Laris
787136,225,195,Beton 6mm,11,15372A,30,12,9,2022,Laris
787136,9,8,Biasa,15,11111A,1,12,9,2022,Laris
787136,38,37,Uncle Bills Sapu Dan Pengki Set BB0168,31,12333A,1,12,9,2022,Sangat Laris
787136,500,450,porselen,19,45345E,50,12,9,2022,Sangat Laris
787136,62,60,sarung tangan kain ,16,17381A,2,12,9,2022,Laris
787136,4000,3500,Bata Merah Bakar kelas I,30,13823A,500,12,9,2022,Sangat Laris
787136,135,133,BJLS 30 Lebar 90cm,4,10026B,2,12,9,2022,Laris
787136,205,195,Harmonika 2 cm ,5,34893C,10,12,9,2022,Laris
787136,10,9,Urug,15,10005B,1,12,9,2022,Laris
787136,50,47,Sirih,10,10023B,3,12,9,2022,Laris
787136,44,32,"Readymix Beton K500, Tanpa Pompa",27,12311A,12,12,9,2022,Sangat Laris
787136,492,488,Holder,20,21311C,4,12,9,2022,Sangat Laris
787136,7,5,Liat,26,10021B,2,12,9,2022,Sangat Laris
787136,477,457,HTB dia. 19 s/d 16 ( 5 cm ),14,39403A,20,12,9,2022,Laris
787136,394,244,Warna 8cm,32,10022B,150,12,9,2022,Sangat Laris
787136,396,386,Aica Aibon,23,20392C,10,12,9,2022,Sangat Laris
787136,100,95,"Tembok Sun Eui dia. 1/2""",6,10031B,5,12,9,2022,Laris
787136,88,76,papan (tebal 2-4 cm dan lebar 10-13 cm),12,10009B,12,12,9,2022,Laris
787136,29,24,Pintu Unilon Standard,25,19316A,5,12,9,2022,Sangat Laris
787136,122,119,Miniroller Ace Oldfields Panjang dan Pendek,18,13820A,3,12,9,2022,Sangat Laris
787136,22,19,Pintar Facil Roller Cat Ajaib,18,35342C,3,12,9,2022,Laris
787136,488,483,Holder,20,21311C,5,12,9,2022,Sangat Laris
787136,230,220,Triplek 3mm,21,13041A,10,12,9,2022,Sangat Laris
787136,160,157,Vinillex,0,12211A,3,12,9,2022,Laris
787136,29,28,Inggris 6 Inch,8,10029B,1,12,9,2022,Laris
787136,88,83,seng 8,1,12221A,5,12,9,2022,Laris
787136,166,162,Jabesmen Gelombang Kecil (150 x 105),2,15283A,4,12,9,2022,Laris
787136,50,48,Tembaga,5,45678G,2,12,9,2022,Laris
787136,275,255,Eye Bolt,28,10033B,20,12,9,2022,Sangat Laris
787136,130,100,"PVC RUCIKA type AW 3/4""",13,10003B,30,12,9,2022,Laris
787136,128,123,Dextone Epoxy Adhesives,23,13221A,5,12,9,2022,Sangat Laris
787136,195,155,Beton 6mm,11,15372A,40,12,9,2022,Laris
787137,52,47,Tiga Roda,22,10006B,5,12,10,2022,Sangat Laris
787137,45,44,Zehn Sekop Gagang Kayu,3,10015B,1,12,10,2022,Laris
787137,32,27,"Readymix Beton K500, Tanpa Pompa",27,12311A,5,12,10,2022,Sangat Laris
787137,376,356,Triplek 6mm,21,87654C,20,12,10,2022,Sangat Laris
787137,10,9,Urug,26,18393A,1,12,10,2022,Sangat Laris
787137,162,157,Jabesmen Gelombang Kecil (150 x 105),2,15283A,5,12,10,2022,Laris
787137,30,28,"Alumunium Natural 1.3 mm t= 1,3 mm ( 4 "" )",29,37483A,2,12,10,2022,Sangat Laris
787137,3500,2000,Bata Merah Bakar kelas I,30,13823A,1500,12,10,2022,Sangat Laris
787137,47,42,Sirih,10,10023B,5,12,10,2022,Laris
787137,264,249, 2 Slaag Kuda Terbang,17,10028B,15,12,10,2022,Laris
787137,133,128,BJLS 30 Lebar 90cm,4,10026B,5,12,10,2022,Laris
787137,50,40,Reng (2 X3),12,67654C,10,12,10,2022,Laris
787137,23,18,Gator Bak Mandi Plastik Persegi Ivory 56x56x56cm,7,11231A,5,12,10,2022,Laris
787137,28,27,Inggris 6 Inch,8,10029B,1,12,10,2022,Laris
787137,440,390,"beton 12,5",1,23456C,50,12,10,2022,Laris
787137,500,450,Murando Natural 1m2 = 18 bh,9,56546D,50,12,10,2022,Laris
787137,18,16,Gator Bak Mandi Plastik Persegi Ivory 56x56x56cm,7,11231A,2,12,10,2022,Laris
787137,44,43,Zehn Sekop Gagang Kayu,3,10015B,1,12,10,2022,Laris
787137,28,25,"Alumunium Natural 1.3 mm t= 1,3 mm ( 4 "" )",29,37483A,3,12,10,2022,Sangat Laris
787137,60,55,sarung tangan kain ,16,17381A,5,12,10,2022,Laris
787137,47,37,Tiga Roda,22,10006B,10,12,10,2022,Sangat Laris
787137,255,225,Eye Bolt,28,10033B,30,12,10,2022,Sangat Laris
787137,200,0,Murando Glasur 1m2 = 18 bh,9,34234E,200,12,10,2022,Laris
787137,450,415,porselen,19,45345E,35,12,10,2022,Sangat Laris
787137,13,11,Zehn Cangcul,24,12214A,2,12,10,2022,Sangat Laris
787137,157,148,vinillex,0,12211A,9,12,10,2022,Laris
787137,35,32,Uncle Bills Sikat Lantai & Pengki Set BB0057,31,10024B,3,12,10,2022,Sangat Laris
787137,457,407,HTB dia. 19 s/d 16 ( 5 cm ),14,39403A,50,12,10,2022,Laris
787137,100,95,2 Slaag Ancor Asli,17,10028B,5,12,10,2022,Laris
787137,11,10,Zehn Cangcul,24,12214A,1,12,10,2022,Sangat Laris
787137,79,72,Jendela Unilon,25,10027B,7,12,10,2022,Sangat Laris
787137,95,92,"Tembok Sun Eui dia. 1/2""",6,10031B,3,12,10,2022,Laris
787137,100,80,"PVC RUCIKA type AW 1 1/4""",13,99992C,20,12,10,2022,Laris
787138,35,33,Closer Kelas Baik,20,34234E,2,12,11,2022,Sangat Laris
787138,700,600,Stud Bolt,28,10033B,100,12,11,2022,Sangat Laris
787138,150,50,marmer,19,56777G,100,12,11,2022,Sangat Laris
787138,107,102,Reng (3 X4),12,22222C,5,12,11,2022,Laris
787138,128,125,BJLS 30 Lebar 90cm,4,10026B,3,12,11,2022,Laris
787138,32,27,Uncle Bills Sikat Lantai & Pengki Set BB0057,31,10024B,5,12,11,2022,Sangat Laris
787138,600,550,Stud Bolt,28,10033B,50,12,11,2022,Sangat Laris
787138,43,41,Zehn Sekop Gagang Kayu,3,10015B,2,12,11,2022,Laris
787138,455,440,Biasa dia. 19 s/d 16 ( 5 cm ),14,10032B,15,12,11,2022,Laris
787138,102,97,Reng (3 X4),12,22222C,5,12,11,2022,Laris
787138,48,45,Tembaga,5,45678G,3,12,11,2022,Laris
787138,145,140,Fox,23,65787G,5,12,11,2022,Sangat Laris
787138,140,125,Fox,23,65787G,15,12,11,2022,Sangat Laris
787138,41,31,Zehn Sekop Gagang Kayu,3,10015B,10,12,11,2022,Laris
787138,25,21,"Alumunium Natural 1.3 mm t= 1,3 mm ( 4 "" )",29,37483A,4,12,11,2022,Sangat Laris
787139,42,39,Sirih,10,10023B,3,12,12,2022,Laris
787139,1000,700,Murando Glasur 1m2 = 18 bh,9,34234E,300,12,12,2022,Laris
787139,37,34,Uncle Bills Sapu Dan Pengki Set BB0168,31,12333A,3,12,14,2022,Sangat Laris
787139,72,67,Jendela Unilon,25,10027B,5,12,14,2022,Sangat Laris
787139,37,22,Tiga Roda,22,10006B,15,12,14,2022,Sangat Laris
787139,94,90,Gembok Besar,17,12713A,4,12,14,2022,Laris
787139,19,17,Pintar Facil Roller Cat Ajaib,18,35342C,2,12,14,2022,Laris
787140,390,375,"beton 12,5",1,23456C,15,12,14,2022,Laris
787140,17,16,Pintar Facil Roller Cat Ajaib,18,35342C,1,12,14,2022,Laris
787140,375,350,"beton 12,5",1,23456C,25,12,16,2022,Laris
787140,24,20,Catylac,0,10007B,4,12,16,2022,Laris
787140,47,45,Besi Gagang,24,32409C,2,12,16,2022,Sangat Laris
787140,155,125,Beton 6mm,11,15372A,30,12,16,2022,Laris
787140,50,46,Kombinasi,8,10029B,4,12,17,2022,Laris
787140,420,375,Keramik  Natural Intan 14.5 / m2,9,32841A,45,12,17,2022,Laris
787141,9,7,Urug,26,18393A,2,12,17,2022,Sangat Laris
787141,80,70,"PVC RUCIKA type AW 1 1/4""",13,99992C,10,12,17,2022,Laris
787141,92,82,"Tembok Sun Eui dia. 1/2""",6,10031B,10,12,17,2022,Laris
787142,90,84,Gembok Besar,17,12713A,6,12,18,2022,Laris
787142,9,7,Urug,15,10005B,2,12,18,2022,Laris
787142,196,166,Ringan,30,10017B,30,12,18,2022,Sangat Laris
787142,200,155,Beton 8mm,11,10018B,45,12,18,2022,Laris
787142,262,247,Gresik,22,12111A,15,12,18,2022,Sangat Laris
787142,21,18,"Alumunium Natural 1.3 mm t= 1,3 mm ( 4 "" )",29,37483A,3,12,18,2022,Sangat Laris
787142,27,22,Jabesmen Gelombang Kecil (300 x 105),2,45555D,5,12,18,2022,Laris
787142,39,34,Sirih,10,10023B,5,12,18,2022,Laris
787142,80,65,"Tembok ITAP dia. 1/2""",6,10031B,15,12,18,2022,Laris
787142,410,310,Natural 6cm,32,56543C,100,12,18,2022,Sangat Laris
787142,284,274,Patrun,25,10027B,10,12,18,2022,Sangat Laris
787142,88,78,Bronjong 4 mm,5,45678G,10,12,18,2022,Laris
787142,125,105,Beton 6mm,11,15372A,20,12,18,2022,Laris
787142,250,100,biasa (30 X 15) cm,19,10002B,150,12,18,2022,Sangat Laris
787142,93,78,"Readymix Beton K400, Tanpa Pompa",27,10010B,15,12,18,2022,Sangat Laris
787142,310,260,Natural 6cm,32,56543C,50,12,18,2022,Sangat Laris
787142,27,25,Inggris 6 Inch,8,10029B,2,12,18,2022,Laris
787142,440,410,Biasa dia. 19 s/d 16 ( 5 cm ),14,10032B,30,12,18,2022,Laris
787142,7,5,Urug,26,18393A,2,12,18,2022,Sangat Laris
787142,100,70,Kali,30,24545C,30,12,18,2022,Sangat Laris
787142,50,40,Gator Bak Mandi Plastik Persegi Putih 56x56x56cm,7,149944C,10,12,18,2022,Laris
787142,160,150,Metrolite,0,56432C,10,12,18,2022,Laris
787142,55,53,sarung tangan kain ,16,17381A,2,12,18,2022,Laris
787142,33,28,Closer Kelas Baik,20,34234E,5,12,18,2022,Sangat Laris
787143,40,36,Gator Bak Mandi Plastik Persegi Putih 56x56x56cm,7,149944C,4,12,18,2022,Laris
787143,78,73,"Readymix Beton K400, Tanpa Pompa",27,10010B,5,12,19,2022,Sangat Laris
787143,45,43,Besi Gagang,24,32409C,2,12,19,2022,Sangat Laris
787143,8,7,Biasa,15,11111A,1,12,20,2022,Laris
787143,7,5,Biasa,15,11111A,2,12,20,2022,Laris
787143,125,120,BJLS 30 Lebar 90cm,4,10026B,5,12,20,2022,Laris
787143,50,45,Jabesmen Gelombang Kecil (270 x 105),2,94710C,5,12,20,2022,Laris
787143,53,52,sarung tangan kain ,16,17381A,1,12,20,2022,Laris
787143,356,351,Triplek 6mm,21,87654C,5,12,20,2022,Sangat Laris
787143,60,40,Natural 8cm,32,12345A,20,12,20,2022,Sangat Laris
787143,100,70,"PVC RUCIKA type AW 1""",13,24324C,30,12,20,2022,Laris
787143,351,345,Triplek 6mm,21,87654C,6,12,20,2022,Sangat Laris
787143,450,300,Murando Natural 1m2 = 18 bh,9,56546D,150,12,20,2022,Laris
787143,36,32,Gator Bak Mandi Plastik Persegi Putih 56x56x56cm,7,149944C,4,12,20,2022,Laris
787143,150,138,Metrolite,0,56432C,12,12,20,2022,Laris
787143,52,46,sarung tangan kain ,16,17381A,6,12,20,2022,Laris
787143,28,26,Closer Kelas Baik,20,34234E,2,12,20,2022,Sangat Laris
787143,32,29,Gator Bak Mandi Plastik Persegi Putih 56x56x56cm,7,149944C,3,12,20,2022,Laris
787143,73,69,"Readymix Beton K400, Tanpa Pompa",27,10010B,4,12,20,2022,Sangat Laris
787143,43,38,Besi Gagang,24,32409C,5,12,20,2022,Sangat Laris
787143,5,3,Biasa,15,11111A,2,12,20,2022,Laris
787143,148,142,Vinillex,0,12211A,6,12,20,2022,Laris
787143,120,88,"beton 2,5 ",1,10008B,32,12,20,2022,Laris
787143,157,154,Jabesmen Gelombang Kecil (150 x 105),2,15283A,3,12,20,2022,Laris
787143,31,25,Zehn Sekop Gagang Kayu,3,10015B,6,12,20,2022,Laris
787143,13,5,BJLS 30 Lebar 60cm,4,12947A,8,12,20,2022,Laris
787143,60,53,Duri,5,66653E,7,12,20,2022,Laris
787143,31,26,Stainless Lokal Kait,6,24628A,5,12,20,2022,Laris
787143,16,13,Gator Bak Mandi Plastik Persegi Ivory 56x56x56cm,7,11231A,3,12,20,2022,Laris
787143,39,35,Pas,8,23948A,4,12,20,2022,Laris
787143,300,294,Murando Natural 1m2 = 18 bh,9,56546D,6,12,20,2022,Laris
787143,65,58,Tembok,10,12343A,7,12,20,2022,Laris
787143,105,97,Beton 6mm,11,15372A,8,12,20,2022,Laris
787144,28,23,Balok (ukuran tebal 6-8 cm dan lebar 12 -15 cm),12,12222A,5,12,21,2022,Laris
787144,100,96,"PVC RUCIKA type AW 3/4""",13,10003B,4,12,21,2022,Laris
787144,3,1,Biasa dia. 19 s/d 16 ( 5 cm ),14,10032B,2,12,21,2022,Laris
787144,1,0,Biasa,15,11111A,1,12,21,2022,Laris
787144,30,24,Kasa 1 x 1 ( Putih ),33,12321A,6,12,21,2022,Sangat Laris
787144,35,31,"RUCIKA type AW 1/2""",34,11001A,4,12,21,2022,Sangat Laris
787144,407,402,HTB dia. 19 s/d 16 ( 5 cm ),35,39403A,5,12,21,2022,Sangat Laris
787144,350,344,"beton 12,5",1,23456C,6,12,21,2022,Laris
787144,20,13,Catylac,0,10007B,7,12,21,2022,Laris
787144,38,30,Besi Gagang,24,32409C,8,12,21,2022,Sangat Laris
787144,97,92,Beton 6mm,11,15372A,5,12,21,2022,Laris
787144,46,34,Kombinasi,8,10029B,12,12,21,2022,Laris
787144,60,45,Keramik Natural Intan 14.5 / m2,9,32841A,15,12,21,2022,Laris
787144,5,1,Urug,26,18393A,4,12,21,2022,Sangat Laris
787144,70,56,"PVC RUCIKA type AW 1 1/4""",13,99992C,14,12,21,2022,Laris
787144,58,46,"Tembok Sun Eui dia. 1/2""",6,10031B,12,12,21,2022,Laris
787144,84,67,Gembok Besar,17,12713A,17,12,21,2022,Laris
787144,1,0,Urug,15,10005B,1,12,21,2022,Laris
787145,166,157,Ringan,30,10017B,9,12,22,2022,Sangat Laris
787146,155,145,Beton 8mm,11,10018B,10,12,22,2022,Laris
787146,247,236,Gresik,22,12111A,11,12,22,2022,Sangat Laris
787146,18,6,"Alumunium Natural 1.3 mm t= 1,3 mm ( 4 "" )",29,37483A,12,12,22,2022,Sangat Laris
787146,1000,979,Biasa,15,11111A,21,12,22,2022,Laris
787146,236,224,Gresik,22,12111A,12,12,22,2022,Sangat Laris
787146,142,139,Vinillex,0,12211A,3,12,22,2022,Laris
787146,83,73,seng 8,1,12221A,10,12,22,2022,Laris
787146,23,3,Balok (ukuran tebal 6-8 cm dan lebar 12 -15 cm),12,12222A,20,12,22,2022,Laris
787146,27,15,"Readymix Beton K500, Tanpa Pompa",27,12311A,12,12,22,2022,Sangat Laris
787146,24,14,Kasa 1 x 1 ( Putih ),5,12321A,10,12,22,2022,Laris
787146,123,111,Dextone Epoxy Adhesives,23,13221A,12,12,22,2022,Sangat Laris
787146,10,7,Zehn Cangcul,24,12214A,3,12,22,2022,Sangat Laris
787146,46,31,sarung tangan kain ,16,17381A,15,12,22,2022,Laris
787146,40,28,Zehn Sekop Gagang Besi,3,19302A,12,12,22,2022,Laris
787146,119,105,Miniroller Ace Oldfields Panjang dan Pendek,18,13820A,14,12,22,2022,Sangat Laris
787146,2000,1975,Bata Merah Bakar kelas I,30,13823A,25,12,22,2022,Sangat Laris
787146,92,80,Beton 6mm,11,15372A,12,12,22,2022,Laris
787146,154,139,Jabesmen Gelombang Kecil (150 x 105),2,15283A,15,12,22,2022,Laris
787146,139,135,Vinillex,0,12211A,4,12,22,2022,Laris
787146,88,74,"beton 2,5 ",1,10008B,14,12,22,2022,Laris
787146,139,135,Jabesmen Gelombang Kecil (150 x 105),2,15283A,4,12,22,2022,Laris
787146,25,13,Zehn Sekop Gagang Kayu,3,10015B,12,12,22,2022,Laris
787146,5,3,BJLS 30 Lebar 60cm,4,12947A,2,12,22,2022,Laris
787146,53,48,Duri,5,66653E,5,12,22,2022,Laris
787147,26,20,Stainless Lokal Kait,6,24628A,6,12,27,2022,Laris
787147,13,5,Gator Bak Mandi Plastik Persegi Ivory 56x56x56cm,7,11231A,8,12,27,2022,Laris
787147,35,26,Pas,8,23948A,9,12,27,2022,Laris
787147,294,291,Murando Natural 1m2 = 18 bh,9,56546D,3,12,27,2022,Laris
787147,46,42,Tembok,10,12343A,4,12,27,2022,Laris
787147,80,75,Beton 6mm,11,15372A,5,12,27,2022,Laris
787147,3,1,Balok (ukuran tebal 6-8 cm dan lebar 12 -15 cm),12,12222A,2,12,27,2022,Laris
787147,96,89,"PVC RUCIKA type AW 3/4""",13,10003B,7,12,27,2022,Laris
787147,1,0,Biasa dia. 19 s/d 16 ( 5 cm ),14,10032B,1,12,27,2022,Laris
787147,937,933,Biasa,15,11111A,4,12,27,2022,Laris
787147,31,26,sarung tangan kain ,16,17381A,5,12,27,2022,Laris
787147,67,64,Gembok Besar,17,12713A,3,12,27,2022,Laris
787147,105,98,Miniroller Ace Oldfields Panjang dan Pendek,18,13820A,7,12,27,2022,Sangat Laris
787148,375,367,Keramik  Natural Intan 14.5 / m2,19,32841A,8,12,29,2022,Sangat Laris
787148,12,3,gulung besi,20,11101A,9,12,29,2022,Sangat Laris
787148,220,216,Triplek 3mm,21,13041A,4,12,29,2022,Sangat Laris
787148,22,16,Tiga Roda,22,10006B,6,12,29,2022,Sangat Laris
787148,111,103,Dextone Epoxy Adhesives,23,13221A,8,12,29,2022,Sangat Laris
787148,7,5,Zehn Cangcul,24,12214A,2,12,29,2022,Sangat Laris
787148,100,88,biasa (30 X 15) cm,19,10002B,12,12,29,2022,Sangat Laris
787148,224,223,Gresik,36,12111A,1,12,29,2022,Sangat Laris
787148,216,213,Triplek 3mm,37,13041A,3,12,29,2022,Sangat Laris
787148,135,121,Jabesmen Gelombang Kecil (150 x 105),38,15283A,14,12,29,2022,Sangat Laris
787148,64,59,Gembok Besar,17,12713A,5,12,29,2022,Laris
787148,26,20,sarung tangan kain ,39,17381A,6,12,29,2022,Sangat Laris
787148,56,48,Gembok Besar,17,12713A,8,12,29,2022,Laris
787148,40,33,Natural 8cm,40,12345A,7,12,29,2022,Sangat Laris
787148,2,1,gulung besi,41,11101A,1,12,29,2022,Tidak Laris
787148,10,6,Granit,19,28391C,4,12,29,2022,Sangat Laris
787148,135,131,Vinillex,42,12211A,4,12,29,2022,Tidak Laris
787148,98,95,Miniroller Ace Oldfields Panjang dan Pendek,43,13820A,3,12,29,2022,Tidak Laris
787148,3,1,BJLS 30 Lebar 60cm,44,12947A,2,12,29,2022,Tidak Laris
787148,24,11,Pintu Unilon Standard,45,19316A,13,12,29,2022,Tidak Laris
787148,249,235, 2 Slaag Kuda Terbang,46,10028B,14,12,29,2022,Tidak Laris
787148,550,536,Stud Bolt,47,10033B,14,12,29,2022,Tidak Laris
787148,131,114,Vinillex,42,12211A,17,12,29,2022,Tidak Laris
787148,95,70,Miniroller Ace Oldfields Panjang dan Pendek,43,13820A,25,12,29,2022,Tidak Laris
787148,402,378,HTB dia. 19 s/d 16 ( 5 cm ),35,39403A,24,12,29,2022,Sangat Laris
787148,5,2,Zehn Cangcul,48,12214A,3,12,29,2022,Tidak Laris
787148,14,10,Kasa 1 x 1 ( Putih ),33,12321A,4,12,29,2022,Sangat Laris
787148,31,1,"RUCIKA type AW 1/2""",34,11001A,30,12,29,2022,Sangat Laris
787149,378,370,HTB dia. 19 s/d 16 ( 5 cm ),35,39403A,8,12,30,2022,Sangat Laris
787149,20,11,Stainless Lokal Kait,49,24628A,9,12,30,2022,Tidak Laris
787149,103,93,Dextone Epoxy Adhesives,50,13221A,10,12,30,2022,Tidak Laris
787149,15,6,"Readymix Beton K500, Tanpa Pompa",51,12311A,9,12,30,2022,Tidak Laris
787149,10,6,Kasa 1 x 1 ( Putih ),33,12321A,4,12,30,2022,Sangat Laris
787149,28,24,Zehn Sekop Gagang Besi,52,19302A,4,12,30,2022,Tidak Laris
787149,24,20,Zehn Sekop Gagang Besi,52,19302A,4,12,30,2022,Tidak Laris
787149,378,368,HTB dia. 19 s/d 16 ( 5 cm ),35,39403A,10,12,30,2022,Sangat Laris
787149,368,358,HTB dia. 19 s/d 16 ( 5 cm ),35,39403A,10,12,30,2022,Sangat Laris
787149,2,0,Zehn Cangcul,48,12214A,2,12,30,2022,Tidak Laris
787149,6,1,Kasa 1 x 1 ( Putih ),33,12321A,5,12,30,2022,Sangat Laris
787149,1,0,"RUCIKA type AW 1/2""",34,11001A,1,12,30,2022,Sangat Laris
787149,358,348,HTB dia. 19 s/d 16 ( 5 cm ),35,39403A,10,12,30,2022,Sangat Laris
787149,11,7,Stainless Lokal Kait,49,24628A,4,12,30,2022,Tidak Laris
787149,11,8,Dextone Epoxy Adhesives,50,13221A,3,12,30,2022,Tidak Laris
787149,6,1,"Readymix Beton K500, Tanpa Pompa",51,12311A,5,12,30,2022,Tidak Laris
787149,1,0,Kasa 1 x 1 ( Putih ),33,12321A,1,12,30,2022,Sangat Laris
787149,20,12,Zehn Sekop Gagang Besi,52,19302A,8,12,30,2022,Tidak Laris
787149,348,344,HTB dia. 19 s/d 16 ( 5 cm ),35,39403A,4,12,30,2022,Sangat Laris
787149,114,111,Vinillex,0,12211A,3,12,30,2022,Laris
787149,74,70,"beton 2,5 ",1,10008B,4,12,30,2022,Laris
787149,121,91,Jabesmen Gelombang Kecil (150 x 105),2,15283A,30,12,30,2022,Laris
787149,13,5,Zehn Sekop Gagang Kayu,3,10015B,8,12,30,2022,Laris
787149,21,12,BJLS 30 Lebar 60cm,4,12947A,9,12,30,2022,Laris
787149,48,38,Duri,5,66653E,10,12,30,2022,Laris
787149,7,2,Stainless Lokal Kait,6,24628A,5,12,30,2022,Laris
787149,5,1,Gator Bak Mandi Plastik Persegi Ivory 56x56x56cm,7,11231A,4,12,30,2022,Laris
787149,44,40,Pas,8,23948A,4,12,30,2022,Laris
787149,291,287,Murando Natural 1m2 = 18 bh,9,56546D,4,12,30,2022,Laris
787149,42,32,Tembok,10,12343A,10,12,30,2022,Laris
787149,75,65,Beton 6mm,11,15372A,10,12,30,2022,Laris
787149,31,29,Balok (ukuran tebal 6-8 cm dan lebar 12 -15 cm),12,12222A,2,12,30,2022,Laris
787149,89,84,"PVC RUCIKA type AW 3/4""",13,10003B,5,12,30,2022,Laris
787149,88,78,Biasa,15,11111A,10,12,30,2022,Laris
787149,20,16,sarung tangan kain ,16,17381A,4,12,30,2022,Laris
787149,48,45,Gembok Besar,17,12713A,3,12,30,2022,Laris
787149,70,65,Miniroller Ace Oldfields Panjang dan Pendek,18,13820A,5,12,30,2022,Sangat Laris
787149,367,366,Keramik  Natural Intan 14.5 / m2,19,32841A,1,12,30,2022,Sangat Laris
787149,1,0,gulung besi,20,11101A,1,12,30,2022,Sangat Laris
787149,213,209,Triplek 3mm,21,13041A,4,12,30,2022,Sangat Laris
787149,16,12,Tiga Roda,22,10006B,4,12,30,2022,Sangat Laris
787149,8,5,Dextone Epoxy Adhesives,23,13221A,3,12,30,2022,Sangat Laris
787149,11,6,Pintu Unilon Standard,25,19316A,5,12,30,2022,Sangat Laris
787149,1,0,"Readymix Beton K500, Tanpa Pompa",27,12311A,1,12,30,2022,Sangat Laris
787149,385,375,Flange,28,38201A,10,12,30,2022,Sangat Laris
787149,1975,1825,Bata Merah Bakar kelas I,30,13823A,150,12,30,2022,Sangat Laris
787149,34,30,Uncle Bills Sapu Dan Pengki Set BB0168,31,12333A,4,12,30,2022,Sangat Laris
787149,33,29,Natural 8cm,32,12345A,4,12,30,2022,Sangat Laris
787149,29,19,Natural 8cm,32,12345A,10,12,30,2022,Sangat Laris
787149,29,19,Balok (ukuran tebal 6-8 cm dan lebar 12 -15 cm),12,12222A,10,12,30,2022,Laris
787149,40,38,Pas,8,23948A,2,12,30,2022,Laris
787149,173,168,"Alumunium Natural 1.3 mm t= 1,3 mm ( 3 "" )",29,64543C,5,12,30,2022,Sangat Laris
78782,200,195,Vinillex,53,12211A,5,10,1,2022,Tidak Laris
78782,150,135,seng 8,54,12221A,15,10,1,2022,Tidak Laris
78782,100,97,"Readymix Beton K500, Tanpa Pompa",55,12311A,3,10,1,2022,Tidak Laris
78782,300,295,"PVC RUCIKA type AW 3/4""",56,10003B,5,10,1,2022,Tidak Laris
78783,200,180,"beton 2,5",54,10008B,20,10,1,2022,Tidak Laris
78783,110,108,Reng (2 X3),57,67654C,2,10,1,2022,Tidak Laris
78783,200,196,Ringan,30,10017B,4,10,1,2022,Sangat Laris
78783,200,198,Jabesmen Gelombang Kecil (150 x 105),2,15283A,2,10,1,2022,Laris
78783,200,195,Tiga Roda,22,10006B,5,10,1,2022,Sangat Laris
78783,300,295,Harmonika,25,69687C,5,10,1,2022,Sangat Laris
78783,400,350,Biasa dia. 19 s/d 16 ( 5 cm ),14,10032B,12,10,1,2022,Laris
78783,320,317,"Readymix Beton K175, Tanpa Pompa",27,53434E,3,10,1,2022,Sangat Laris
78783,180,130,"beton 2,5",54,10008B,50,10,1,2022,Tidak Laris
78783,107,97,Balok (ukuran tebal 6-8 cm dan lebar 12 -15 cm),57,12222A,10,10,1,2022,Tidak Laris
78783,350,342,HTB dia. 19 s/d 16 ( 5 cm ),14,39403A,8,10,1,2022,Laris
78783,200,190,Beton 10mm,11,46353C,10,10,1,2022,Laris
78784,10,8,Biasa,58,11111A,2,10,1,2022,Tidak Laris
78784,295,287,Harmonika,45,69687C,8,10,1,2022,Tidak Laris
78784,287,284,Harmonika,45,69687C,3,10,2,2022,Tidak Laris
78785,284,272,Harmonika,45,69687C,12,10,2,2022,Tidak Laris
78785,272,259,Harmonika,45,69687C,13,10,2,2022,Tidak Laris
78786,259,250,Harmonika,45,69687C,9,10,2,2022,Tidak Laris
78786,700,650,Natural 6cm,32,56543C,50,10,2,2022,Sangat Laris
78786,135,125,seng 8,54,12221A,10,10,2,2022,Tidak Laris
78786,97,95,Balok (ukuran tebal 6-8 cm dan lebar 12 -15 cm),57,12222A,2,10,2,2022,Tidak Laris
78786,195,193,Tiga Roda,22,10006B,2,10,2,2022,Sangat Laris
78786,650,550,Natural 6cm,32,56543C,100,10,2,2022,Sangat Laris
78787,500,470,Teraso,19,98789M,30,10,3,2022,Sangat Laris
78787,600,564,Warna 8cm,32,10022B,36,10,3,2022,Sangat Laris
78787,10,8,Teras,15,23121C,2,10,3,2022,Laris
78787,100,97,Urug,15,10005B,3,10,3,2022,Laris
78787,8,7,biasa,15,11111A,1,10,3,2022,Laris
78787,800,500,Bata Merah Bakar kelas I,30,13823A,300,10,3,2022,Sangat Laris
78787,500,470,"Alumunium Warna 1.3 mm t= 1,3 mm ( 3 "" )",29,23327C,30,10,3,2022,Sangat Laris
78787,125,105,seng 8,54,12221A,20,10,4,2022,Tidak Laris
78788,110,106,papan (tebal 2-4 cm dan lebar 10-13 cm),57,10009B,4,10,4,2022,Tidak Laris
78789,400,396,Aica Aibon,23,20392C,4,10,4,2022,Sangat Laris
78789,470,420,"Alumunium Warna 1.3 mm t= 1,3 mm ( 3 "" )",29,23327C,50,10,4,2022,Sangat Laris
78790,420,416,Triplek 6mm,21,87654C,4,10,5,2022,Sangat Laris
78791,300,285,Gembok Besar,17,12713A,15,10,5,2022,Laris
78791,500,450,Kuadrat,19,45554L,50,10,6,2022,Sangat Laris
78792,200,190,Kasa 1 x 1 ( Putih ),5,12321A,10,10,6,2022,Laris
78792,300,280,2 Slaag Kuda Terbang,17,10028B,20,10,6,2022,Laris
78792,400,320,Granit,19,28391C,80,10,6,2022,Sangat Laris
78792,200,170,Dextone Epoxy Adhesives,23,10012B,30,10,6,2022,Sangat Laris
78792,95,92,Balok (ukuran tebal 6-8 cm dan lebar 12 -15 cm),57,12222A,3,10,8,2022,Tidak Laris
78792,108,107,Reng (2 X3),12,67654C,1,10,8,2022,Laris
78792,200,195,"Alumunium Natural 1.3 mm t= 1,3 mm ( 3 "" )",29,64543C,5,10,8,2022,Sangat Laris
78793,250,240,Triplek 9mm,21,55563C,10,10,8,2022,Sangat Laris
78793,500,357,GRC,1,12326E,143,10,8,2022,Laris
78794,260,248,Kayu Presto,23,65466D,12,10,8,2022,Sangat Laris
78794,193,185,Tiga Roda,22,10006B,8,10,8,2022,Sangat Laris
78794,100,77,sarung tangan kevlar,16,57456D,23,10,8,2022,Laris
78795,185,170,Tiga Roda,22,10006B,15,10,9,2022,Sangat Laris
78795,200,199,Avian,0,55555C,1,10,9,2022,Laris
78796,170,150,Tiga Roda,22,10006B,20,10,9,2022,Sangat Laris
78796,200,196,Minyak Lukis Maries,0,45433D,4,10,9,2022,Laris
78796,150,144,Tiga Roda,22,10006B,6,10,10,2022,Sangat Laris
78796,500,440,"beton 12,5",1,23456C,60,10,10,2022,Laris
78796,196,194,Minyak Lukis Maries,0,45433D,2,10,10,2022,Laris
78796,300,284,Patrun,25,43584C,16,10,10,2022,Sangat Laris
78796,360,330,KM Bulat Kualitas Biasa,17,54353D,30,10,10,2022,Laris
78796,300,277,Busi,8,38292D,23,10,10,2022,Laris
78796,240,225,Triplek 9mm,21,55563C,15,10,10,2022,Sangat Laris
78797,144,134,Tiga Roda,22,10006B,10,10,10,2022,Sangat Laris
78797,300,280,Triplek 3mm,21,13041A,20,10,10,2022,Sangat Laris
78798,200,150,"RUCIKA type AW 1/2""",13,11001A,50,10,11,2022,Laris
78798,280,265,Warna,22,43534D,15,10,11,2022,Sangat Laris
78798,199,197,Avian,0,55555C,2,10,11,2022,Laris
78799,110,107,Reng (3 X4),12,22222C,3,10,11,2022,Laris
78799,97,96,"Readymix Beton K500, Tanpa Pompa",27,12311A,1,10,11,2022,Sangat Laris
78799,170,152,Dextone Epoxy Adhesives,23,10012B,18,10,11,2022,Sangat Laris
78880,200,193,Mini Tebal Baja,24,33233C,7,10,11,2022,Sangat Laris
78880,150,110,"RUCIKA type AW 1/2""",13,11001A,40,10,16,2022,Laris
78880,500,492,Holder,20,21311C,8,10,16,2022,Sangat Laris
78880,8,5,Teras,15,23121C,3,10,16,2022,Laris
78880,300,280,Warna,22,43534D,20,10,16,2022,Sangat Laris
78880,200,197,Metrolite,0,56432C,3,10,17,2022,Laris
78880,300,297,Gresik,22,12111A,3,10,18,2022,Sangat Laris
78880,500,445,Keramik Glasur Premium 14.5 /m2,9,76775C,55,10,19,2022,Laris
78881,240,230,"Bebek ITAP 1/2""",6,24323D,10,10,18,2022,Laris
78881,388,378,Biasa dia. 19 s/d 16 ( 5 cm ),14,10032B,10,10,18,2021,Laris
78881,420,320,"Alumunium Warna 1.3 mm t= 1,3 mm ( 3 "" )",29,23327C,100,10,19,2022,Sangat Laris
78882,92,91,Balok (ukuran tebal 6-8 cm dan lebar 12 -15 cm),12,12222A,1,10,19,2022,Laris
78882,100,93,"Readymix Beton K400, Tanpa Pompa",27,10010B,7,10,19,2022,Sangat Laris
78882,100,88,Bronjong 4 mm,5,45678G,12,10,19,2022,Laris
78882,150,145,Fox,23,54385H,5,10,19,2022,Sangat Laris
78828,50,47,Gathul Jawa Baja,24,10012B,3,10,19,2022,Sangat Laris
78828,1000,900,Bata Merah Bakar kelas I,30,13823A,100,10,19,2022,Sangat Laris
78828,100,75,Beton 6mm,11,15372A,25,10,19,2022,Laris
78828,100,93,Jabesmen Gelombang Kecil (300 x 105),2,45555D,7,10,19,2022,Laris
78828,100,92,Triplek 4mm,21,10020B,8,10,19,2022,Sangat Laris
78828,1500,1400,Warna 8cm,59,10022B,100,10,19,2022,Tidak Laris
78828,20,17,Gator Bak Mandi Plastik Persegi Ivory 56x56x56cm,60,11231A,3,10,19,2022,Tidak Laris
78828,200,196,Stainless Lokal Kait,6,24628A,4,10,19,2022,Laris
78828,50,47,Zehn Sekop Gagang Kayu,3,10015B,3,10,19,2022,Laris
78828,1000,700,Keramik Natural Intan 14.5 / m2,61,32841A,300,10,19,2022,Tidak Laris
78828,500,466,Balok (ukuran tebal 6-8 cm dan lebar 12 -15 cm),12,12222A,34,10,19,2022,Laris
78828,500,446,papan (tebal 2-4 cm dan lebar 10-13 cm),12,10009B,54,10,19,2022,Laris
78828,134,119,Tiga Roda,22,10006B,25,10,19,2022,Sangat Laris
78828,100,96,Sirih,10,10023B,4,10,19,2022,Laris
78828,100,84,Triplek 3mm,21,13041A,16,10,19,2022,Sangat Laris
78828,100,93,Liat,26,10021B,7,10,19,2022,Sangat Laris
78828,1000,995,Uncle Bills Sapu Dan Pengki Set BB0168,31,12333A,5,10,19,2022,Sangat Laris
78828,500,447,gulung besi,20,11101A,3,10,19,2022,Sangat Laris
78828,195,178,Vinillex,0,12211A,7,10,19,2022,Laris
78828,47,42,Zehn Sekop Gagang Kayu,3,10015B,5,10,19,2022,Laris
78828,300,297,Miniroller Ace Oldfields Panjang dan Pendek,18,13820A,3,10,19,2022,Sangat Laris
78828,190,185,Beton 10mm,62,46353C,5,10,19,2022,Tidak Laris
78828,195,189,"Alumunium Natural 1.3 mm t= 1,3 mm ( 3 "" )",29,64543C,6,10,19,2022,Sangat Laris
78828,100,96,"Tembok ITAP dia. 1/2""",49,234544C,4,10,19,2022,Tidak Laris
78828,300,294,Keramik Glasur Standard 14.5 /m2,9,10030B,6,10,19,2022,Laris
78828,378,375,Biasa dia. 19 s/d 16 ( 5 cm ),14,10032B,3,10,19,2022,Laris
78828,197,196,Avian,0,55555C,1,10,19,2022,Laris
78828,200,132,Las Listrik,5,67676C,68,10,19,2022,Laris
78828,75,30,Beton 6mm,11,15372A,45,10,19,2022,Laris
78882,193,191,Mini Tebal Baja,24,33233C,2,10,20,2022,Sangat Laris
78882,200,175,biasa (30 - 80 cm^2),19,10001A,25,10,20,2022,Sangat Laris
78882,97,95,Urug,15,10005B,2,10,20,2022,Laris
78883,297,292,Gresik,22,12111A,5,10,20,2022,Sangat Laris
78883,197,185,Metrolite,0,56432C,12,10,20,2022,Laris
78884,105,103,Seng 8,1,12221A,2,10,20,2022,Laris
78884,375,355,Biasa dia. 19 s/d 16 ( 5 cm ),14,10032B,20,10,20,2022,Laris
78884,150,110,Flange,28,38201A,40,10,20,2022,Sangat Laris
78884,320,270,"Alumunium Warna 1.3 mm t= 1,3 mm ( 3 "" )",29,23327C,50,10,20,2022,Sangat Laris
78885,416,376,Triplek 6mm,21,87654C,40,10,20,2022,Sangat Laris
78886,550,470,Natural 6cm,32,56543C,80,10,20,2022,Sangat Laris
78886,342,312,HTB dia. 19 s/d 16 ( 5 cm ),14,39403A,30,10,20,2022,Laris
78886,297,284,Miniroller Ace Oldfields Panjang dan Pendek,18,13820A,13,10,20,2022,Sangat Laris
78886,284,277,Miniroller Ace Oldfields Panjang dan Pendek,18,13820A,7,10,20,2022,Sangat Laris
78886,312,300,HTB dia. 19 s/d 16 ( 5 cm ),14,39403A,12,10,20,2022,Laris
78886,470,450,Natural 6cm,32,56543C,20,10,20,2022,Sangat Laris
78886,95,93,Urug,15,10005B,2,10,20,2022,Laris
78887,103,100,Seng 8,1,12221A,3,10,20,2022,Laris
78887,88,60,Brojong 4 mm,5,45678G,28,10,20,2022,Laris
78887,292,20,Gresik,22,12111A,272,10,20,2022,Sangat Laris
78887,191,189,Mini Tebal Baja,24,33233C,2,10,20,2022,Sangat Laris
78888,178,176,Vinillex,0,12211A,2,10,21,2022,Laris
78888,130,96,"beton 2,5",1,10008B,34,10,21,2022,Laris
78888,198,195,Jabesmen Gelombang Kecil (150 x 105),2,15283A,3,10,21,2022,Laris
78888,42,39,Zehn Sekop Gagang Kayu,3,10015B,3,10,21,2022,Laris
78888,150,146,Pas,8,23948A,4,10,21,2022,Laris
78888,100,93,Murando Natural 1m2 = 18 bh,9,56546D,7,10,21,2022,Laris
78888,96,90,Tembok,10,12343A,6,10,21,2022,Laris
78888,30,23,Beton 6mm,11,15372A,7,10,21,2022,Laris
78888,466,462,Balok (ukuran tebal 6-8 cm dan lebar 12 -15 cm),12,12222A,4,10,21,2022,Laris
78888,100,97,Besi Gagang,24,32409C,3,10,21,2022,Sangat Laris
78888,7,2,Biasa,15,11111A,5,10,21,2022,Laris
78888,150,144,BJLS 30 Lebar 90cm,4,10026B,6,10,21,2022,Laris
78888,100,95,Jabesmen Gelombang Kecil (270 x 105),2,94710C,5,10,21,2022,Laris
78888,150,144,sarung tangan kain,16,17381A,6,10,21,2022,Laris
78888,450,446,Natural 6cm,32,56543C,4,10,21,2022,Sangat Laris
78888,355,347,Biasa dia. 19 s/d 16 ( 5 cm ),14,10032B,8,10,21,2022,Laris
78888,93,89,Urug,26,18393A,4,10,21,2022,Sangat Laris
78888,185,180,Metrolite,0,56432C,5,10,21,2022,Laris
78888,150,146,Zehn Cangcul,24,12214A,4,10,21,2022,Sangat Laris
78888,50,42,Pintu Unilon Standard,25,19316A,8,10,21,2022,Sangat Laris
78888,96,92,"Readymix Beton K500, Tanpa Pompa",27,12311A,4,10,21,2022,Sangat Laris
78888,110,104,Flange,28,38201A,6,10,21,2022,Sangat Laris
78888,189,184,"Alumunium Natural 1.3 mm t= 1,3 mm ( 3 "" )",29,64543C,5,10,21,2022,Sangat Laris
78888,900,893,Bata Merah Bakar kelas I,30,13823A,7,10,21,2022,Sangat Laris
78888,995,99,Uncle Bills Sapu Dan Pengki Set BB0168,31,12333A,4,10,21,2022,Sangat Laris
78888,3000,2994,Natural 8cm,32,12345A,6,10,21,2022,Sangat Laris
78888,196,192,Stainless Lokal Kait,6,24628A,4,10,21,2022,Laris
78888,176,170,Vinillex,53,12211A,6,10,21,2022,Tidak Laris
78888,100,95,seng 8,54,12221A,5,10,21,2022,Tidak Laris
78888,295,289,"PVC RUCIKA type AW 3/4""",56,10003B,6,10,21,2022,Tidak Laris
78888,96,91,"beton 2,5",54,10008B,5,10,21,2022,Tidak Laris
78888,107,100,Reng (2 X3),57,67654C,7,10,21,2022,Tidak Laris
78888,186,178,Ringan,30,10017B,8,10,21,2022,Sangat Laris
78888,119,112,Tiga Roda,22,10006B,7,10,21,2022,Sangat Laris
78888,250,244,Harmonika,25,69687C,6,10,21,2022,Sangat Laris
78888,317,312,"Readymix Beton K175, Tanpa Pompa",27,53434E,5,10,21,2022,Sangat Laris
78888,300,296,HTB dia. 19 s/d 16 ( 5 cm ),14,39403A,4,10,21,2022,Laris
78888,185,179,Beton 10mm,11,46353C,6,10,21,2022,Laris
78888,277,271,Miniroller Ace Oldfields Panjang dan Pendek,18,13820A,6,10,21,2022,Sangat Laris
78888,700,696,Keramik Natural Intan 14.5 / m2,19,32841A,4,10,21,2022,Sangat Laris
78888,17,12,Gator Bak Mandi Plastik Persegi Ivory 56x56x56cm,7,11231A,5,10,21,2022,Laris
78888,280,201,2 Slaag Kuda Terbang,17,10028B,79,10,21,2022,Laris
78889,289,281,"PVC RUCIKA type AW 3/4""",13,10003B,8,10,22,2022,Laris
78889,144,132,BJLS 30 Lebar 90cm,4,10026B,12,10,22,2022,Laris
78889,100,97,Pengikat,5,66653E,3,10,22,2022,Laris
78889,893,887,Bata Merah Bakar kelas I,30,13823A,6,10,22,2022,Sangat Laris
78889,84,79,Triplek 3mm,21,13041A,5,10,22,2022,Sangat Laris
78889,39,35,Zehn Sekop Gagang Kayu,3,10015B,4,10,22,2022,Laris
78889,152,149,Dextone Epoxy Adhesives,23,13221A,3,10,22,2022,Sangat Laris
78889,93,86,Liat,26,10021B,7,10,22,2022,Sangat Laris
78889,991,982,Uncle Bills Sapu Dan Pengki Set BB0168,31,12333A,9,10,22,2022,Sangat Laris
78889,50,44,rolling door,20,10004B,6,10,22,2022,Sangat Laris
78889,178,171,Ringan,30,10017B,7,10,22,2022,Sangat Laris
78889,92,85,Triplek 4mm,21,10020B,7,10,22,2022,Sangat Laris
78889,1000,993,biasa (30 X 15) cm,61,10002B,7,10,22,2022,Tidak Laris
78889,447,442,gulung besi,20,11101A,5,10,22,2022,Sangat Laris
78889,50,47,"Alumunium Warna 1.3 mm t= 1,3 mm ( 4 "" )",63,10034B,3,10,22,2022,Tidak Laris
78889,271,266,Miniroller Ace Oldfields Panjang dan Pendek,18,13820A,5,10,22,2022,Sangat Laris
78889,47,41,Gathul Jawa Baja,24,10013B,6,10,22,2022,Sangat Laris
78889,190,187,Kasa 1 x 1 ( Putih ),5,12321A,3,10,22,2022,Laris
78889,35,32,Zehn Sekop Gagang Kayu,3,10015B,3,10,22,2022,Laris
78889,100,94,Jabesmen Gelombang Kecil (210 x 105),2,10019B,6,10,22,2022,Laris
78889,90,83,Tembok,10,12343A,7,10,22,2022,Laris
78889,100,94,Uncle Bills Sikat Lantai & Pengki Set BB0057,31,10024B,6,10,22,2022,Sangat Laris
78889,446,438,Natural 6cm,64,56543C,8,10,22,2022,Tidak Laris
78889,386,383,Aica Aibon,23,20392C,3,10,22,2022,Sangat Laris
78889,195,192,Jabesmen Gelombang Kecil (150 x 105),2,15283A,3,10,22,2022,Laris
78889,112,108,Tiga Roda,22,10006B,4,10,22,2022,Sangat Laris
78889,91,86,"beton 2,5",1,10008B,5,10,22,2022,Laris
78889,179,173,Beton 10mm,11,46353C,6,10,22,2022,Laris
78889,993,984,biasa (30 X 15) cm,19,10002B,9,10,22,2022,Sangat Laris
78889,20,13,Gresik,36,12111A,7,10,22,2022,Sangat Laris
78889,79,73,Triplek 3mm,37,13041A,6,10,22,2022,Sangat Laris
78889,192,187,Jabesmen Gelombang Kecil (150 x 105),38,15283A,5,10,22,2022,Sangat Laris
78889,89,83,Urug,65,10005B,6,10,22,2022,Tidak Laris
78889,144,137,sarung tangan kain,39,17381A,7,10,22,2022,Sangat Laris
78889,83,79,Urug,66,18393A,4,10,22,2022,Tidak Laris
78889,2994,2991,Natural 8cm,40,12345A,3,10,22,2022,Sangat Laris
78889,442,429,gulung besi,41,11101A,13,10,22,2022,Tidak Laris
78889,320,265,Granit,19,28391C,55,10,22,2022,Sangat Laris
78889,170,164,Vinillex,42,12211A,6,10,22,2022,Tidak Laris
78889,266,259,Miniroller Ace Oldfields Panjang dan Pendek,43,13820A,7,10,22,2022,Tidak Laris
78889,300,294,BJLS 30 Lebar 60cm,44,12947A,6,10,22,2022,Tidak Laris
78889,42,39,Pintu Unilon Standard,20,19316A,3,10,22,2022,Sangat Laris
78889,201,194,2 Slaag Kuda Terbang,46,10028B,7,10,22,2022,Tidak Laris
78889,1000,992,Stud Bolt,47,10033B,8,10,22,2022,Tidak Laris
78889,164,155,Vinillex,42,12211A,9,10,22,2022,Tidak Laris
78889,259,255,Miniroller Ace Oldfields Panjang dan Pendek,43,13820A,4,10,22,2022,Tidak Laris
78889,296,293,HTB dia. 19 s/d 16 ( 5 cm ),35,39403A,3,10,22,2022,Sangat Laris
78889,146,142,Zehn Cangcul,48,12214A,4,10,22,2022,Tidak Laris
78889,187,183,Kasa 1 x 1 ( Putih ),33,12321A,4,10,22,2022,Sangat Laris
78890,110,105,"RUCIKA type AW 1/2""",34,11001A,5,10,23,2023,Sangat Laris
78890,293,287,HTB dia. 19 s/d 16 ( 5 cm ),35,39403A,6,10,23,2022,Sangat Laris
78890,192,187,Stainless Lokal Kait,49,24628A,5,10,23,2023,Tidak Laris
78890,149,141,Dextone Epoxy Adhesives,50,13221A,8,10,23,2023,Tidak Laris
78890,92,85,"Readymix Beton K500, Tanpa Pompa",51,12311A,7,10,23,2023,Tidak Laris
78890,183,179,Kasa 1 x 1 ( Putih ),33,12321A,4,10,23,2023,Sangat Laris
78890,50,44,Zehn Sekop Gagang Besi,52,19302A,6,10,23,2023,Tidak Laris
78890,5,0,Teras,65,23121C,5,10,23,2023,Tidak Laris
78890,887,884,Bata Merah Bakar kelas I,67,13823A,3,10,23,2023,Tidak Laris
78890,97,91,Besi Gagang,48,32409C,6,10,23,2023,Tidak Laris
78890,79,74,Urug,66,18393A,5,10,23,2023,Tidak Laris
78890,108,102,Tiga Roda,36,10006B,6,10,23,2023,Sangat Laris
78890,462,454,Balok (ukuran tebal 6-8 cm dan lebar 12 -15 cm),68,12222A,8,10,23,2023,Tidak Laris
78890,39,33,Pintu Unilon Standard,45,19316A,6,10,23,2023,Tidak Laris
78890,44,37,rolling door,41,10004B,7,10,23,2023,Tidak Laris
78890,180,175,Metrolite,42,56432C,5,10,23,2023,Tidak Laris
78890,50,44,Eterna,43,46454E,6,10,23,2023,Tidak Laris
78890,137,130,sarung tangan kain,39,17381A,7,10,23,2023,Sangat Laris
78890,44,41,Zehn Sekop Gagang Besi,52,19302A,3,10,23,2023,Tidak Laris
78890,992,987,Stud Bolt,47,10033B,5,10,23,2023,Tidak Laris
78890,184,180,"Alumunium Natural 1.3 mm t= 1,3 mm ( 3 "" )",69,37483A,4,10,23,2023,Tidak Laris
78890,85,80,"Readymix Beton K500, Tanpa Pompa",51,12311A,5,10,23,2023,Tidak Laris
78890,187,181,Stainless Lokal Kait,49,24628A,6,10,23,2023,Tidak Laris
78890,94,87,Uncle Bills Sikat Lantai & Pengki Set BB0057,70,12333A,7,10,23,2023,Tidak Laris
78890,445,440,Keramik Glasur Premium 14.5 /m2,71,10030B,5,10,23,2023,Tidak Laris
78890,987,981,Stud Bolt,47,10033B,6,10,23,2023,Tidak Laris
78890,50,42,Eye Bolt,47,10033B,8,10,23,2023,Tidak Laris
78890,50,41,"Bebek Sun Eui 1/2""",49,77643C,9,10,23,2023,Tidak Laris
78890,93,87,Murando Natural 1m2 = 18 bh,71,56546D,6,10,23,2023,Tidak Laris
78890,180,175,"Alumunium Natural 1.3 mm t= 1,3 mm ( 3 "" )",69,37483A,5,10,23,2023,Tidak Laris
78890,175,172,Metrolite,42,56432C,3,10,23,2023,Tidak Laris
78890,105,100,"RUCIKA type AW 1/2""",13,11001A,5,10,23,2023,Laris
78890,47,41,"Alumunium Warna 1.3 mm t= 1,3 mm ( 4 "" )",72,"10034B
",6,10,23,2023,Tidak Laris
78890,104,97,Flange,28,38201A,7,10,23,2023,Sangat Laris
78890,287,281,HTB dia. 19 s/d 16 ( 5 cm ),14,39403A,6,10,23,2023,Laris
78890,454,449,"Balok (ukuran tebal 6-8 cm dan lebar 12 -15 cm)
",68,12222A,5,10,23,2023,Tidak Laris
78890,100,94,"Reng (2 X3)
",68,67654C,6,10,23,2023,Tidak Laris
78890,95,88,seng 8,1,12221A,7,10,23,2023,Laris
78890,80,72,"Readymix Beton K500, Tanpa Pompa",27,12311A,8,10,23,2023,Sangat Laris
78890,50,43,"PVC RUCIKA type AW 1""",13,24324C,7,10,23,2023,Laris
78890,72,66,"Readymix Beton K500, Tanpa Pompa",27,12311A,6,10,23,2023,Sangat Laris
78890,141,134,Dextone Epoxy Adhesives,23,13221A,7,10,23,2023,Sangat Laris
78890,142,134,Zehn Cangcul,24,12214A,8,10,23,2023,Sangat Laris
78890,130,125,sarung tangan kain,16,17381A,5,10,23,2023,Laris
78890,50,43,Ace Oldfields Besar Untuk Dinding Tembok,18,Pintar Facil Roller Cat Ajaib,7,10,23,2023,Sangat Laris
78891,171,162,Ringan,30,Kali,9,10,24,2022,Sangat Laris
78891,173,167,Beton 8mm,11,Beton 10mm,6,10,24,2022,Laris
78891,94,87,Jabesmen Gelombang Kecil (210 x 105),2,Jabesmen Gelombang Kecil (240 x 105),7,10,24,2022,Laris
78891,85,79,Triplek 4mm,21,Triplek 6mm,6,10,24,2022,Sangat Laris
78891,2991,2986,Natural 8cm,32,12345A,5,10,24,2022,Sangat Laris
78891,83,77,Tembok,10,12343A,6,10,24,2022,Laris
78891,982,978,Uncle Bills Sapu Dan Pengki Set BB0168,31,12333A,4,10,24,2022,Sangat Laris
78891,12,9,Gator Bak Mandi Plastik Persegi Ivory 56x56x56cm,7,11231A,3,10,24,2022,Laris
78891,294,290,BJLS 30 Lebar 60cm,4,12947A,4,10,24,2022,Laris
78891,33,28,Pintu Unilon Standard,25,19316A,5,10,24,2022,Sangat Laris
78891,285,279,Gembok Besar,17,12713A,6,10,24,2022,Laris
78891,146,141,Pas,8,23948A,5,10,24,2022,Laris
78891,696,690,Keramik Natural Intan 14.5 / m2,9,32841A,6,10,24,2022,Laris
78891,181,176,Stainless Lokal Kait,6,24628A,5,10,24,2022,Laris
78891,281,276,HTB dia. 19 s/d 16 ( 5 cm ),14,39403A,5,10,24,2022,Laris
78891,97,91,Flange,28,38201A,6,10,24,2022,Sangat Laris
78891,175,168,"Alumunium Natural 1.3 mm t= 1,3 mm ( 4 "" )",29,37483A,7,10,24,2022,Sangat Laris
78891,175,169,biasa (30 - 80 cm^2),19,10001A,6,10,24,2022,Sangat Laris
78891,100,93,"RUCIKA type AW 1/2""",13,11001A,7,10,24,2022,Laris
78891,429,421,gulung besi,20,11101A,8,10,24,2022,Sangat Laris
78891,12,3,Biasa,15,11111A,9,10,24,2022,Laris
78891,13,6,Gresik,22,12111A,7,10,24,2022,Sangat Laris
78891,155,149,Vinillex,0,12211A,6,10,24,2022,Laris
78891,88,83,seng 8,1,12221A,5,10,24,2022,Laris
78891,449,442,Balok (ukuran tebal 6-8 cm dan lebar 12 -15 cm),12,12222A,7,10,24,2022,Laris
78891,66,61,"Readymix Beton K500, Tanpa Pompa",27,12311A,5,10,24,2022,Sangat Laris
78891,174,171,Kasa 1 x 1 ( Putih ),5,12321A,3,10,24,2022,Laris
78891,134,84,Dextone Epoxy Adhesives,23,13221A,50,10,24,2022,Sangat Laris
78891,134,131,Zehn Cangcul,24,12214A,3,10,24,2022,Sangat Laris
78891,126,121,sarung tangan kain,16,17381A,5,10,24,2022,Laris
78891,41,36,Zehn Sekop Gagang Besi,3,19302A,5,10,24,2022,Laris
78891,255,245,Miniroller Ace Oldfields Panjang dan Pendek,18,13820A,10,10,24,2022,Sangat Laris
78891,884,880,Bata Merah Bakar kelas I,30,13823A,4,10,24,2022,Sangat Laris
78891,23,18,Beton 6mm,11,15372A,5,10,24,2022,Laris
78891,187,167,Jabesmen Gelombang Kecil (150 x 105),2,15283A,20,10,24,2022,Laris
78891,73,63,Triplek 3mm,21,13041A,10,10,24,2022,Sangat Laris
78891,74,64,Urug,26,18393A,10,10,24,2022,Sangat Laris
78892,2986,2961,Natural 8cm,32,12345A,25,10,25,2022,Sangat Laris
78892,77,72,Tembok,10,12343A,5,10,25,2022,Laris
78892,978,953,Uncle Bills Sapu Dan Pengki Set BB0168,31,12333A,25,10,25,2022,Sangat Laris
78892,9,5,Gator Bak Mandi Plastik Persegi Ivory 56x56x56cm,7,11231A,4,10,25,2022,Laris
78892,290,285,BJLS 30 Lebar 60cm,4,12947A,5,10,25,2022,Laris
78892,28,20,Pintu Unilon Standard,25,19316A,8,10,25,2022,Sangat Laris
78892,279,269,Gembok Besar,17,12713A,10,10,25,2022,Laris
78892,141,139,Pas,8,23948A,2,10,25,2022,Laris
78892,690,684,Keramik Natural Intan 14.5 / m2,9,32841A,6,10,25,2022,Laris
78892,176,169,Stainless Lokal Kait,6,24628A,7,10,25,2022,Laris
78892,276,272,HTB dia. 19 s/d 16 ( 5 cm ),14,39403A,4,10,25,2022,Laris
78892,91,85,Flange,28,38201A,6,10,25,2022,Sangat Laris
78892,168,162,"Alumunium Natural 1.3 mm t= 1,3 mm ( 4 "" )",29,37483A,6,10,25,2022,Sangat Laris
78893,43,38,Ace Oldfields Besar Untuk Dinding Tembok,18,10016B,5,10,26,2022,Sangat Laris
78893,162,156,Ringan,30,10017B,6,10,26,2022,Sangat Laris
78893,167,163,Beton 8mm,11,10018B,4,10,26,2022,Laris
78893,87,86,Jabesmen Gelombang Kecil (210 x 105),2,10019B,1,10,26,2022,Laris
78893,79,77,Triplek 4mm,21,10020B,2,10,26,2022,Sangat Laris
78893,82,42,Liat,26,10021B,40,10,26,2022,Sangat Laris
78893,1400,1275,Warna 8cm,32,10022B,125,10,26,2022,Sangat Laris
78893,96,92,Sirih,10,10023B,4,10,26,2022,Laris
78893,87,82,Uncle Bills Sikat Lantai & Pengki Set BB0057,31,10024B,5,10,26,2022,Sangat Laris
78893,50,25,Gator Bak Mandi Plastik Persegi Biru 56x56x56cm,7,10025B,25,10,26,2022,Laris
78893,132,130,BJLS 30 Lebar 90cm,4,10026B,2,10,26,2022,Laris
78894,30,10,Jendela Unilon,25,10027B,20,10,26,2022,Sangat Laris
78894,194,191,2 Slaag Kuda Terbang,17,10028B,3,10,27,2022,Laris
78894,50,46,Inggris 6 Inch,8,10029B,4,10,27,2022,Laris
78894,294,289,Keramik Glasur Standard 14.5 /m2,9,10030B,5,10,27,2022,Laris
78894,984,950,biasa (30 X 15) cm,19,10002B,34,10,27,2022,Sangat Laris
78894,6,2,Gresik,36,12111A,4,10,27,2022,Sangat Laris
78894,63,60,Triplek 3mm,37,13041A,3,10,27,2022,Sangat Laris
78894,167,123,Jabesmen Gelombang Kecil (150 x 105),38,15283A,44,10,27,2022,Sangat Laris
78894,64,54,Urug,65,10005B,10,10,27,2022,Tidak Laris
78894,121,111,sarung tangan kain,39,17381A,10,10,27,2022,Sangat Laris
78894,54,34,Urug,66,18393A,20,10,27,2022,Tidak Laris
78894,2961,2953,Natural 8cm,40,12345A,8,10,27,2022,Sangat Laris
78894,421,417,gulung besi,41,11101A,4,10,27,2022,Tidak Laris
78895,265,261,Granit,19,28391C,4,10,28,2022,Sangat Laris
78895,149,146,Vinillex,42,12211A,3,10,28,2022,Tidak Laris
78895,245,242,Miniroller Ace Oldfields Panjang dan Pendek,43,13820A,3,10,28,2022,Tidak Laris
78895,285,279,BJLS 30 Lebar 60cm,44,12947A,6,10,28,2022,Tidak Laris
78895,20,14,Pintu Unilon Standard,45,19316A,6,10,28,2022,Tidak Laris
78895,191,184,2 Slaag Kuda Terbang,46,10028B,7,10,28,2022,Tidak Laris
78895,981,976,Stud Bolt,47,10033B,5,10,28,2022,Tidak Laris
78895,146,142,Vinillex,42,12211A,4,10,28,2022,Tidak Laris
78895,242,237,Miniroller Ace Oldfields Panjang dan Pendek,43,13820A,5,10,28,2022,Tidak Laris
78895,272,271,HTB dia. 19 s/d 16 ( 5 cm ),35,39403A,1,10,28,2022,Sangat Laris
78895,131,128,Zehn Cangcul,48,12214A,3,10,28,2022,Tidak Laris
78895,171,166,Kasa 1 x 1 ( Putih ),33,12321A,5,10,28,2022,Sangat Laris
78895,93,87,"RUCIKA type AW 1/2""",34,11001A,6,10,28,2022,Sangat Laris
78895,271,266,HTB dia. 19 s/d 16 ( 5 cm ),35,39403A,5,10,28,2022,Sangat Laris
78896,440,436,"beton 12,5",1,23456C,4,10,29,2022,Laris
78896,50,45,Catylac,0,10007B,5,10,29,2022,Laris
78896,91,83,Besi Gagang,24,32409C,8,10,29,2022,Sangat Laris
78896,18,9,Beton 6mm,11,15372A,9,10,29,2022,Laris
78896,10,3,Kombinasi,8,10029B,7,10,29,2022,Laris
78896,684,679,Keramik Natural Intan 14.5 / m2,9,32841A,5,10,29,2022,Laris
78896,34,30,Urug,26,18393A,4,10,29,2022,Sangat Laris
78896,10,5,"PVC RUCIKA type AW 1 1/4""",13,99992C,5,10,29,2022,Laris
78896,30,23,"Tembok Sun Eui dia. 1/2""",6,10031B,7,10,29,2022,Laris
78896,269,261,Gembok Besar,17,12713A,8,10,29,2022,Laris
78896,30,27,Urug,15,10005B,3,10,29,2022,Laris
78896,156,151,Ringan,30,10017B,5,10,29,2022,Sangat Laris
78896,163,159,Beton 8mm,11,10018B,4,10,29,2022,Laris
78896,2,0,Gresik,22,12111A,2,10,29,2022,Sangat Laris
78897,162,156,"Alumunium Natural 1.3 mm t= 1,3 mm ( 4 "" )",29,37483A,6,10,30,2022,Sangat Laris
78897,93,87,Jabesmen Gelombang Kecil (300 x 105),2,45555D,6,10,30,2022,Laris
78897,442,435,Balok (ukuran tebal 6-8 cm dan lebar 12 -15 cm),68,NAN,7,10,30,2022,Tidak Laris
78897,950,945,Biasa,65,NAN,5,10,30,2022,Tidak Laris
78897,142,139,Vinillex,42,12211A,3,10,30,2022,Tidak Laris
78897,244,239,Harmonika 2 cm,33,34893C,5,10,30,2022,Sangat Laris
78897,30,26,"sarung tangan karet, platik atau sistetis",39,10014B,4,10,30,2022,Sangat Laris
78897,36,33,Zehn Sekop Gagang Besi,52,19302A,3,10,30,2022,Tidak Laris
78897,87,83,Jabesmen Gelombang Kecil (240 x 105),38,45654C,4,10,30,2022,Sangat Laris
78897,42,37,Liat,66,10021B,5,10,30,2022,Tidak Laris
78898,438,432,Natural 6cm,40,56543C,6,10,31,2022,Sangat Laris
78898,139,134,Pas,73,23948A,5,10,31,2022,Tidak Laris
78898,100,96,Shock Bolt,47,67564C,4,10,31,2022,Tidak Laris
78898,157,154,"Alumunium Natural 1.3 mm t= 1,3 mm ( 3 "" )",69,37483A,3,10,31,2022,Tidak Laris
78898,14,12,Pintu Unilon Standard,45,19316A,2,10,31,2022,Tidak Laris
78898,1500,1497,pavers,19,23423D,3,10,31,2022,Sangat Laris
78898,154,150,"Alumunium Natural 1.3 mm t= 1,3 mm ( 3 "" )",69,37483A,4,10,31,2022,Tidak Laris
78898,12,7,Pintu Unilon Standard,45,19316A,5,10,31,2022,Tidak Laris
78898,1497,1493,pavers,19,23423D,4,10,31,2022,Sangat Laris
787100,300,250,biasa (30 X 15) cm,19,10002B,50,11,1,2022,Sangat Laris
787100,292,262,Gresik,36,12111A,30,11,1,2022,Sangat Laris
787100,280,255,Triplek 3mm,37,13041A,25,11,1,2022,Sangat Laris
787100,198,188,Jabesmen Gelombang Kecil (150 x 105),38,15283A,10,11,1,2022,Sangat Laris
787100,60,58,Urug,65,10005B,2,11,1,2022,Tidak Laris
787100,100,90,sarung tangan kain ,39,17381A,10,11,1,2022,Sangat Laris
787100,58,56,Urug,66,18393A,2,11,1,2022,Tidak Laris
787100,300,250,Natural 8cm,40,12345A,50,11,1,2022,Sangat Laris
787101,20,18,gulung besi,41,11101A,2,11,2,2022,Tidak Laris
787101,320,275,Granit,19,28391C,45,11,2,2022,Sangat Laris
787101,195,190,Vinillex,42,12211A,5,11,2,2022,Tidak Laris
787101,137,132,Miniroller Ace Oldfields Panjang dan Pendek,43,13820A,5,11,2,2022,Tidak Laris
787101,50,35,BJLS 30 Lebar 60cm,44,12947A,15,11,2,2022,Tidak Laris
787101,50,43,Pintu Unilon Standard,45,19316A,7,11,2,2022,Tidak Laris
787101,280,270, 2 Slaag Kuda Terbang,46,10028B,10,11,2,2022,Tidak Laris
787101,1000,900,Stud Bolt,47,10033B,100,11,2,2022,Tidak Laris
787102,190,183,Vinillex,42,12211A,7,11,3,2022,Tidak Laris
787102,132,129,Miniroller Ace Oldfields Panjang dan Pendek,43,13820A,3,11,3,2022,Tidak Laris
787102,342,307,HTB dia. 19 s/d 16 ( 5 cm ),35,39403A,35,11,3,2022,Sangat Laris
787102,20,19,Zehn Cangcul,48,12214A,1,11,3,2022,Tidak Laris
787102,190,158,Kasa 1 x 1 ( Putih ),33,12321A,32,11,3,2022,Sangat Laris
787103,110,100,"RUCIKA type AW 1/2""",34,11001A,10,11,3,2022,Sangat Laris
787103,307,257,HTB dia. 19 s/d 16 ( 5 cm ),35,39403A,50,11,3,2022,Sangat Laris
787103,50,45,Stainless Lokal Kait,49,24628A,5,11,3,2022,Tidak Laris
787103,152,149,Dextone Epoxy Adhesives,50,13221A,3,11,3,2022,Tidak Laris
787103,96,86,"Readymix Beton K500, Tanpa Pompa",51,12311A,10,11,3,2022,Tidak Laris
787104,158,58,Kasa 1 x 1 ( Putih ),33,12321A,100,11,5,2022,Sangat Laris
787104,20,19,Zehn Sekop Gagang Besi,52,19302A,1,11,5,2022,Tidak Laris
787104,30,27,Teras,65,23121C,3,11,5,2022,Tidak Laris
787104,500,300,Bata Merah Bakar kelas I,67,13823A,200,11,5,2022,Tidak Laris
787104,50,47,Besi Gagang,48,32409C,3,11,5,2022,Tidak Laris
787104,56,53,Urug,66,18393A,3,11,5,2022,Tidak Laris
787104,134,114,Tiga Roda,36,10006B,20,11,5,2022,Sangat Laris
787104,91,78,Balok (ukuran tebal 6-8 cm dan lebar 12 -15 cm),68,12222A,13,11,5,2022,Tidak Laris
787105,43,38,Pintu Unilon Standard,45,19316A,5,11,6,2022,Tidak Laris
787105,30,26,rolling door,41,10004B,4,11,6,2022,Tidak Laris
787105,185,178,Metrolite,42,56432C,7,11,6,2022,Tidak Laris
787105,75,70,Eterna,43,46454E,5,11,6,2022,Tidak Laris
787105,90,85,sarung tangan kain ,39,17381A,5,11,6,2022,Sangat Laris
787105,19,17,Zehn Sekop Gagang Besi,52,19302A,2,11,6,2022,Tidak Laris
787105,900,750,Stud Bolt,47,10033B,150,11,6,2022,Tidak Laris
787105,195,190,"Alumunium Natural 1.3 mm t= 1,3 mm ( 3 "" )",69,37483A,5,11,6,2022,Tidak Laris
787105,86,76,"Readymix Beton K500, Tanpa Pompa",51,12311A,10,11,6,2022,Tidak Laris
787105,45,42,Stainless Lokal Kait,49,24628A,3,11,6,2022,Tidak Laris
787105,40,37,Uncle Bills Sikat Lantai & Pengki Set BB0057,70,12333A,3,11,6,2022,Tidak Laris
787105,445,415,Keramik Glasur Premium 14.5 /m2,71,10030B,30,11,6,2022,Tidak Laris
787106,750,700,Stud Bolt,47,10033B,50,11,8,2022,Tidak Laris
787106,300,280,Eye Bolt,47,10033B,20,11,8,2022,Tidak Laris
787106,150,144,"Bebek Sun Eui 1/2""",49,77643C,6,11,8,2022,Tidak Laris
787107,1000,700,Murando Natural 1m2 = 18 bh,71,56546D,300,11,8,2022,Tidak Laris
787107,190,187,"Alumunium Natural 1.3 mm t= 1,3 mm ( 3 "" )",69,37483A,3,11,8,2022,Tidak Laris
787107,178,165,Metrolite,42,56432C,13,11,8,2022,Tidak Laris
787107,30,28,Roller Cat Motif Daun dan Bunga,43,98098C,2,11,8,2022,Tidak Laris
787107,85,82,sarung tangan kain ,39,17381A,3,11,8,2022,Sangat Laris
787107,180,140,"beton 2,5 ",74,10008B,40,11,8,2022,Tidak Laris
787107,149,139,Dextone Epoxy Adhesives,50,13221A,10,11,8,2022,Tidak Laris
787107,19,18,Zehn Cangcul,48,12214A,1,11,8,2022,Tidak Laris
787108,20,19,Blencong Gagang,48,45656D,1,11,8,2022,Tidak Laris
787109,188,183,Jabesmen Gelombang Kecil (150 x 105),38,15283A,5,11,10,2022,Sangat Laris
787109,40,36,Triplek 4mm,37,10020B,4,11,10,2022,Sangat Laris
787109,100,90,Jendela Unilon,45,10027B,10,11,10,2022,Tidak Laris
787110,100,95,"RUCIKA type AW 1/2""",34,11001A,5,11,11,2022,Sangat Laris
787110,175,130,biasa (30 - 80 cm^2),19,10001A,45,11,11,2022,Sangat Laris
787111,25,24,Catylac,42,10007B,1,11,12,2022,Tidak Laris
787111,25,23,Pintar Facil Roller Cat Ajaib,43,35342C,2,11,12,2022,Tidak Laris
787111,76,69,"Readymix Beton K500, Tanpa Pompa",51,12311A,7,11,12,2022,Tidak Laris
787111,82,78,sarung tangan kain ,39,17381A,4,11,12,2022,Sangat Laris
787112,90,87,Jendela Unilon,45,10027B,3,11,12,2022,Tidak Laris
787113,300,50,Bata Merah Bakar kelas I,67,13823A,250,11,12,2022,Tidak Laris
787113,255,252,Triplek 3mm,37,13041A,3,11,12,2022,Sangat Laris
787113,30,27,Jabesmen Gelombang Kecil (300 x 105),38,45555D,3,11,12,2022,Sangat Laris
787114,250,220,Natural 8cm,40,12345A,30,11,15,2022,Sangat Laris
787115,30,27,Tembok,75,12343A,3,11,16,2022,Tidak Laris
787115,37,35,Uncle Bills Sikat Lantai & Pengki Set BB0057,70,10024B,2,11,16,2022,Tidak Laris
787115,20,18,Gator Bak Mandi Plastik Persegi Biru 56x56x56cm,60,10025B,2,11,16,2022,Tidak Laris
787115,35,28,BJLS 30 Lebar 60cm,44,12947A,7,11,16,2022,Tidak Laris
787115,270,268, 2 Slaag Kuda Terbang,46,10028B,2,11,16,2022,Tidak Laris
787116,30,29,Inggris 6 Inch,73,10029B,1,11,17,2022,Tidak Laris
787117,500,200,Murando Glasur 1m2 = 18 bh,71,34234E,300,11,18,2022,Tidak Laris
787117,100,80,"Tembok ITAP dia. 1/2""",49,NAN,20,11,18,2022,Tidak Laris
787117,280,275,Eye Bolt,47,NAN,5,11,18,2022,Tidak Laris
787118,78,68,Balok (ukuran tebal 6-8 cm dan lebar 12 -15 cm),68,12222A,10,11,18,2022,Tidak Laris
787118,50,45,"Readymix Beton K350, Tanpa Pompa",76,30492C,5,11,19,2022,Tidak Laris
787118,7,5,Biasa,65,11111A,2,11,19,2022,Tidak Laris
787118,183,180,Vinillex,42,12211A,3,11,19,2022,Tidak Laris
787118,250,220,Harmonika 2 cm ,33,34893C,30,11,19,2022,Sangat Laris
787119,50,45,"sarung tangan karet, platik atau sistetis",39,10014B,5,11,20,2022,Sangat Laris
787119,17,14,Zehn Sekop Gagang Besi,52,19302A,3,11,20,2022,Tidak Laris
787119,50,45,Jabesmen Gelombang Kecil (240 x 105),38,45654C,5,11,20,2022,Sangat Laris
787119,50,48,Liat,66,10021B,2,11,20,2022,Tidak Laris
787120,470,410,Natural 6cm,40,56543C,60,11,20,2022,Sangat Laris
787120,50,47,Pas,73,23948A,3,11,20,2022,Tidak Laris
787120,500,470,Shock Bolt,47,67564C,30,11,21,2022,Tidak Laris
787120,187,183,"Alumunium Natural 1.3 mm t= 1,3 mm ( 3 "" )",69,37483A,4,11,21,2022,Tidak Laris
787121,38,31,Pintu Unilon Standard,45,19316A,7,11,22,2022,Tidak Laris
787121,100,70,pavers,19,23423D,30,11,22,2022,Sangat Laris
787122,106,93,papan (tebal 2-4 cm dan lebar 10-13 cm),68,10009B,13,11,23,2022,Tidak Laris
787122,45,30,"Readymix Beton K350, Tanpa Pompa",51,30492C,15,11,23,2022,Tidak Laris
787122,53,52,Urug,66,18393A,1,11,23,2022,Tidak Laris
787122,45,38,Jabesmen Gelombang Kecil (240 x 105),38,45654C,7,11,23,2022,Sangat Laris
787123,50,45,Triplek 15mm,37,34234E,5,11,23,2022,Sangat Laris
787123,93,88,papan (tebal 2-4 cm dan lebar 10-13 cm),68,10009B,5,11,23,2022,Tidak Laris
787123,87,83,Jendela Unilon,45,10027B,4,11,23,2022,Tidak Laris
787123,18,17,gulung besi,41,11101A,1,11,23,2022,Tidak Laris
787124,564,494,Warna 8cm,40,10022B,70,11,27,2022,Sangat Laris
787124,139,134,Dextone Epoxy Adhesives,50,13221A,5,11,27,2022,Tidak Laris
787124,18,17,Zehn Cangcul,48,12214A,1,11,27,2022,Tidak Laris
787125,50,47,Ace Oldfields Besar Untuk Dinding Tembok,43,10016B,3,11,27,2022,Tidak Laris
787125,83,79,Jendela Unilon,45,10027B,4,11,27,2022,Tidak Laris
787125,50,46,Uncle Bills Sapu Dan Pengki Set BB0168,70,12333A,4,11,27,2022,Tidak Laris
787125,220,180,Natural 8cm,46,NAN,40,11,27,2022,Tidak Laris
787125,165,160,Metrolite,42,56432C,5,11,27,2022,Tidak Laris
787126,23,22,Pintar Facil Roller Cat Ajaib,43,35342C,1,11,29,2022,Tidak Laris
787126,220,205,Harmonika 2 cm ,33,34893C,15,11,29,2022,Sangat Laris
787127,50,35,"Readymix Beton K225, Tanpa Pompa",51,43533D,15,11,29,2022,Tidak Laris
787127,103,93,seng 8,74,12221A,10,11,29,2022,Tidak Laris
787127,46,43,Uncle Bills Sapu Dan Pengki Set BB0168,31,12333A,3,11,29,2022,Sangat Laris
787127,180,175,Natural 8cm,32,12345A,5,11,29,2022,Sangat Laris
787127,175,169,Natural 8cm,32,12345A,6,11,29,2022,Sangat Laris
787127,68,62,Balok (ukuran tebal 6-8 cm dan lebar 12 -15 cm),12,12222A,6,11,29,2022,Laris
787127,47,42,Pas,8,23948A,5,11,29,2022,Laris
787127,183,177,"Alumunium Natural 1.3 mm t= 1,3 mm ( 3 "" )",29,64543C,6,11,29,2022,Sangat Laris
787127,42,34,Stainless Lokal Kait,6,24628A,8,11,29,2022,Laris
787127,31,22,Pintu Unilon Standard,25,19316A,9,11,29,2022,Sangat Laris
787127,150,116,Beton 6mm,11,15372A,34,11,29,2022,Laris
787127,180,157,Vinillex,0,12211A,23,11,29,2022,Laris
787127,100,55,Flange,28,38201A,45,11,29,2022,Sangat Laris
787127,129,123,Miniroller Ace Oldfields Panjang dan Pendek,18,13820A,6,11,29,2022,Sangat Laris
787127,150,143,Keramik Natural Intan 14.5 / m2,19,32841A,7,11,29,2022,Sangat Laris
787127,17,11,Zehn Cangcul,24,12214A,6,11,29,2022,Sangat Laris
787127,30,21,Gator Bak Mandi Plastik Persegi Ivory 56x56x56cm,7,11231A,9,11,29,2022,Laris
787127,257,250,HTB dia. 19 s/d 16 ( 5 cm ),14,39403A,7,11,29,2022,Laris
787127,268,265,2 Slaag Kuda Terbang,17,10028B,3,11,29,2022,Laris
787127,50,27,"PVC RUCIKA type AW 3/4""",13,10003B,23,11,29,2022,Laris
787127,500,491,BJLS 30 Lebar 90cm,4,10026B,9,11,29,2022,Laris
787127,50,42,Pengikat,5,66653E,8,11,29,2022,Laris
787127,50,43,Bata Merah Bakar kelas I,30,13823A,7,11,29,2022,Sangat Laris
787127,252,246,Triplek 3mm,21,13041A,6,11,29,2022,Sangat Laris
787127,40,36,Zehn Sekop Gagang Kayu,3,10015B,4,11,29,2022,Laris
787127,134,129,Dextone Epoxy Adhesives,23,13221A,5,11,29,2022,Sangat Laris
787127,48,41,Liat,26,10021B,7,11,29,2022,Sangat Laris
787127,43,37,Uncle Bills Sapu Dan Pengki Set BB0168,31,12333A,6,11,29,2022,Sangat Laris
787127,26,21,rolling door,20,10004B,5,11,29,2022,Sangat Laris
787127,250,244,biasa (30 X 15) cm,19,10002B,6,11,29,2022,Sangat Laris
787127,262,257,Gresik,36,12111A,5,11,29,2022,Sangat Laris
787127,246,242,Triplek 3mm,37,13041A,4,11,29,2022,Sangat Laris
787127,183,180,Jabesmen Gelombang Kecil (150 x 105),38,15283A,3,11,29,2022,Sangat Laris
787127,52,45,Urug,65,10005B,7,11,29,2022,Tidak Laris
787127,78,70,sarung tangan kain ,39,17381A,8,11,29,2022,Sangat Laris
787127,45,36,Urug,66,18393A,9,11,29,2022,Tidak Laris
787127,169,163,Natural 8cm,40,12345A,6,11,29,2022,Sangat Laris
787127,17,13,gulung besi,41,11101A,4,11,29,2022,Tidak Laris
787127,275,270,Granit,19,28391C,5,11,29,2022,Sangat Laris
787127,157,150,Vinillex,42,12211A,7,11,29,2022,Tidak Laris
787127,123,119,Miniroller Ace Oldfields Panjang dan Pendek,43,13820A,4,11,29,2022,Tidak Laris
787127,28,25,BJLS 30 Lebar 60cm,44,12947A,3,11,29,2022,Tidak Laris
787127,22,20,Pintu Unilon Standard,45,19316A,2,11,29,2022,Tidak Laris
787127,265,260, 2 Slaag Kuda Terbang,46,10028B,5,11,29,2022,Tidak Laris
787127,700,650,Stud Bolt,47,10033B,50,11,29,2022,Tidak Laris
787127,150,141,Vinillex,42,12211A,9,11,29,2022,Tidak Laris
787127,119,112,Miniroller Ace Oldfields Panjang dan Pendek,43,13820A,7,11,29,2022,Tidak Laris
787127,250,244,HTB dia. 19 s/d 16 ( 5 cm ),35,39403A,6,11,29,2022,Sangat Laris
787127,11,7,Zehn Cangcul,48,12214A,4,11,29,2022,Tidak Laris
787127,58,53,Kasa 1 x 1 ( Putih ),33,12321A,5,11,29,2022,Sangat Laris
787127,95,91,"RUCIKA type AW 1/2""",34,11001A,4,11,29,2022,Sangat Laris
787127,244,237,HTB dia. 19 s/d 16 ( 5 cm ),35,39403A,7,11,29,2022,Sangat Laris
787127,34,26,Stainless Lokal Kait,49,24628A,8,11,29,2022,Tidak Laris
787127,129,124,Dextone Epoxy Adhesives,50,13221A,5,11,29,2022,Tidak Laris
787127,69,65,"Readymix Beton K500, Tanpa Pompa",51,12311A,4,11,29,2022,Tidak Laris
787128,53,50,Kasa 1 x 1 ( Putih ),33,12321A,3,11,30,2022,Sangat Laris
787128,14,9,Zehn Sekop Gagang Besi,52,19302A,5,11,30,2022,Tidak Laris
787128,27,25,Teras,65,23121C,2,11,30,2022,Tidak Laris
787128,43,36,Bata Merah Bakar kelas I,67,13823A,7,11,30,2022,Tidak Laris
787128,47,39,Besi Gagang,48,32409C,8,11,30,2022,Tidak Laris
787128,36,27,Urug,66,18393A,9,11,30,2022,Tidak Laris
787128,114,102,Tiga Roda,36,10006B,12,11,30,2022,Sangat Laris
787128,62,28,Balok (ukuran tebal 6-8 cm dan lebar 12 -15 cm),68,12222A,34,11,30,2022,Tidak Laris
787128,20,15,Pintu Unilon Standard,45,19316A,5,11,30,2022,Tidak Laris
787128,21,15,rolling door,41,10004B,6,11,30,2022,Tidak Laris
787128,160,153,Metrolite,42,56432C,7,11,30,2022,Tidak Laris
787128,70,40,Eterna,43,46454E,30,11,30,2022,Tidak Laris
787128,70,45,sarung tangan kain ,39,17381A,25,11,30,2022,Sangat Laris
787128,9,7,Zehn Sekop Gagang Besi,52,19302A,2,11,30,2022,Tidak Laris
787128,650,620,Stud Bolt,47,10033B,30,11,30,2022,Tidak Laris
787128,36,33,Triplek 4mm,21,10020B,3,11,30,2022,Sangat Laris
787128,41,36,Liat,26,10021B,5,11,30,2022,Sangat Laris
787128,494,490,Warna 8cm,32,10022B,4,11,30,2022,Sangat Laris
787128,30,25,Sirih,10,10023B,5,11,30,2022,Laris
787128,35,27,Uncle Bills Sikat Lantai & Pengki Set BB0057,31,10024B,8,11,30,2022,Sangat Laris
787128,18,9,Gator Bak Mandi Plastik Persegi Biru 56x56x56cm,7,10025B,9,11,30,2022,Laris
787128,491,484,BJLS 30 Lebar 90cm,4,10026B,7,11,30,2022,Laris
787128,79,73,Jendela Unilon,25,10027B,6,11,30,2022,Sangat Laris
787128,20,15,Gembok Besar,17,12713A,5,11,30,2022,Laris
787128,42,34,Pas,8,23948A,8,11,30,2022,Laris
787128,143,136,Keramik Natural Intan 14.5 / m2,9,32841A,7,11,30,2022,Laris
787128,26,17,Stainless Lokal Kait,6,24628A,9,11,30,2022,Laris
787128,237,230,HTB dia. 19 s/d 16 ( 5 cm ),14,39403A,7,11,30,2022,Laris
787128,55,47,Flange,28,38201A,8,11,30,2022,Sangat Laris
787128,130,124,biasa (30 - 80 cm^2),19,10001A,6,11,30,2022,Sangat Laris
787128,91,84,"RUCIKA type AW 1/2""",13,11001A,7,11,30,2022,Laris
787128,13,5,gulung besi,20,11101A,8,11,30,2022,Sangat Laris
787128,5,1,Biasa,15,11111A,4,11,30,2022,Laris
787128,257,250,Gresik,22,12111A,7,11,30,2022,Sangat Laris
787128,141,135,Vinillex,0,12211A,6,11,30,2022,Laris
787128,93,88,seng 8,1,12221A,5,11,30,2022,Laris
787128,28,23,Balok (ukuran tebal 6-8 cm dan lebar 12 -15 cm),12,12222A,5,11,30,2022,Laris
787128,65,58,"Readymix Beton K500, Tanpa Pompa",27,12311A,7,11,30,2022,Sangat Laris
787128,50,42,Kasa 1 x 1 ( Putih ),5,12321A,8,11,30,2022,Laris
787128,124,116,Dextone Epoxy Adhesives,23,13221A,8,11,30,2022,Sangat Laris
787128,7,1,Zehn Cangcul,24,12214A,6,11,30,2022,Sangat Laris
787128,45,40,sarung tangan kain,16,17381A,5,11,30,2022,Laris
787128,7,5,Zehn Sekop Gagang Besi,3,19302A,2,11,30,2022,Laris
787128,112,107,Miniroller Ace Oldfields Panjang dan Pendek,18,13820A,5,11,30,2022,Sangat Laris
787128,36,29,Bata Merah Bakar kelas I,30,13823A,7,11,30,2022,Sangat Laris
787128,116,110,Beton 6mm,11,15372A,6,11,30,2022,Laris
787128,180,175,Jabesmen Gelombang Kecil (150 x 105),2,15283A,5,11,30,2022,Laris
787128,242,238,Triplek 3mm,21,13041A,4,11,30,2022,Sangat Laris
787128,27,22,Urug,26,18393A,5,11,30,2022,Sangat Laris
787128,163,156,Natural 8cm,32,12345A,7,11,30,2022,Sangat Laris
787128,27,19,Tembok,10,12343A,8,11,30,2022,Laris
787128,37,31,Uncle Bills Sapu Dan Pengki Set BB0168,31,12333A,6,11,30,2022,Sangat Laris
787128,21,17,Gator Bak Mandi Plastik Persegi Ivory 56x56x56cm,7,11231A,4,11,30,2022,Laris
787128,25,20,BJLS 30 Lebar 60cm,4,12947A,5,11,30,2022,Laris
787128,15,11,Pintu Unilon Standard,25,19316A,4,11,30,2022,Sangat Laris
787128,15,12,Gembok Besar,17,12713A,3,11,30,2022,Laris
787128,34,30,Pas,8,23948A,4,11,30,2022,Laris
787128,136,131,Keramik Natural Intan 14.5 / m2,9,32841A,5,11,30,2022,Laris
787128,17,11,Stainless Lokal Kait,6,24628A,6,11,30,2022,Laris
787128,230,223,HTB dia. 19 s/d 16 ( 5 cm ),14,39403A,7,11,30,2022,Laris
787128,40,32,Ringan,30,10017B,8,11,30,2022,Sangat Laris
787128,102,93,Tiga Roda,22,10006B,9,11,30,2022,Sangat Laris
787128,205,199,Harmonika,25,69687C,6,11,30,2022,Sangat Laris
787128,20,13,"Readymix Beton K175, Tanpa Pompa",27,53434E,7,11,30,2022,Sangat Laris
787128,223,218,HTB dia. 19 s/d 16 ( 5 cm ),14,39403A,5,11,30,2022,Laris
787128,10,6,Beton 10mm,11,46353C,4,11,30,2022,Laris
787128,107,101,Miniroller Ace Oldfields Panjang dan Pendek,18,13820A,6,11,30,2022,Sangat Laris
787128,131,124,Keramik Natural Intan 14.5 / m2,19,32841A,7,11,30,2022,Sangat Laris
787128,17,12,Gator Bak Mandi Plastik Persegi Ivory 56x56x56cm,7,11231A,5,11,30,2022,Laris
787128,260,253,2 Slaag Kuda Terbang,17,10028B,7,11,30,2022,Laris
787128,27,7,"PVC RUCIKA type AW 3/4""",13,10003B,20,11,30,2022,Laris
787128,484,472,BJLS 30 Lebar 90cm,4,10026B,12,11,30,2022,Laris
787128,42,32,Pengikat,5,66653E,10,11,30,2022,Laris
787128,29,18,Bata Merah Bakar kelas I,30,13823A,11,11,30,2022,Sangat Laris
787128,238,225,Triplek 3mm,21,13041A,13,11,30,2022,Sangat Laris
787128,36,32,Zehn Sekop Gagang Kayu,3,10015B,4,11,30,2022,Laris
787128,116,111,Dextone Epoxy Adhesives,23,13221A,5,11,30,2022,Sangat Laris
787128,36,28,Liat,26,10021B,8,11,30,2022,Sangat Laris
787128,31,22,Uncle Bills Sapu Dan Pengki Set BB0168,31,12333A,9,11,30,2022,Sangat Laris
787128,15,8,rolling door,20,10004B,7,11,30,2022,Sangat Laris
787128,32,2,Ringan,30,10017B,30,11,30,2022,Sangat Laris
787128,33,28,Triplek 4mm,21,10020B,5,11,30,2022,Sangat Laris
787128,244,239,biasa (30 X 15) cm,61,10002B,5,11,30,2022,Tidak Laris
787128,5,1,gulung besi,20,11101A,4,11,30,2022,Sangat Laris
787128,15,9,"Alumunium Warna 1.3 mm t= 1,3 mm ( 4 "" )",63,10034B,6,11,30,2022,Tidak Laris
787128,101,93,Miniroller Ace Oldfields Panjang dan Pendek,18,13820A,8,11,30,2022,Sangat Laris
787128,13,6,Gathul Jawa Baja,24,10013B,7,11,30,2022,Sangat Laris
787128,42,36,Kasa 1 x 1 ( Putih ),5,12321A,6,11,30,2022,Laris
787128,32,23,Zehn Sekop Gagang Kayu,3,10015B,9,11,30,2022,Laris
787128,10,3,Jabesmen Gelombang Kecil (210 x 105),2,10019B,7,11,30,2022,Laris
787128,19,13,Tembok,10,12343A,6,11,30,2022,Laris
787128,27,22,Uncle Bills Sikat Lantai & Pengki Set BB0057,31,10024B,5,11,30,2022,Sangat Laris
787128,410,405,Natural 6cm,64,56543C,5,11,30,2022,Tidak Laris
787128,20,16,Aica Aibon,23,20392C,4,11,30,2022,Sangat Laris
787128,175,171,Jabesmen Gelombang Kecil (150 x 105),2,15283A,4,11,30,2022,Laris
787128,93,87,Tiga Roda,22,10006B,6,11,30,2022,Sangat Laris
787128,140,134,"beton 2,5",1,10008B,6,11,30,2022,Laris
787128,20,13,BJLS 30 Lebar 60cm,44,12947A,7,11,30,2022,Tidak Laris
787128,11,3,Pintu Unilon Standard,20,19316A,8,11,30,2022,Sangat Laris
787128,253,244,2 Slaag Kuda Terbang,46,10028B,9,11,30,2022,Tidak Laris
787128,620,610,Stud Bolt,47,10033B,10,11,30,2022,Tidak Laris
787128,135,130,Vinillex,42,12211A,5,11,30,2022,Tidak Laris
787128,93,87,Miniroller Ace Oldfields Panjang dan Pendek,43,13820A,6,11,30,2022,Tidak Laris
787128,218,211,HTB dia. 19 s/d 16 ( 5 cm ),35,39403A,7,11,30,2022,Sangat Laris
787128,1,0,Zehn Cangcul,48,12214A,1,11,30,2022,Tidak Laris
787128,36,30,Kasa 1 x 1 ( Putih ),33,12321A,6,11,30,2022,Sangat Laris
787128,84,80,"RUCIKA type AW 1/2""",34,11001A,4,11,30,2022,Sangat Laris
787128,211,204,HTB dia. 19 s/d 16 ( 5 cm ),35,39403A,7,11,30,2022,Sangat Laris
787128,11,6,Stainless Lokal Kait,49,24628A,5,11,30,2022,Tidak Laris
787128,111,98,Dextone Epoxy Adhesives,50,13221A,13,11,30,2022,Tidak Laris
787128,58,44,"Readymix Beton K500, Tanpa Pompa",51,12311A,14,11,30,2022,Tidak Laris
787128,30,16,Kasa 1 x 1 ( Putih ),33,12321A,14,11,30,2022,Sangat Laris
